x,y,z,r,g,b,class,instance_id
8.705700,-1.695200,51.935799,90,37,44,chair,0
8.709800,-1.699900,51.936699,92,32,45,chair,0
8.708200,-1.715500,51.936401,73,33,35,chair,0
8.592300,-1.718700,51.923500,72,28,30,chair,0
8.359600,-1.714000,51.863701,80,31,33,chair,0
8.671100,-1.668400,51.921902,112,63,64,chair,0
8.714600,-1.697600,51.922600,137,85,67,chair,0
8.717100,-1.713900,51.920300,73,30,34,chair,0
8.715100,-1.714400,51.923302,74,32,35,chair,0
8.593700,-1.719200,51.903198,73,30,31,chair,0
8.354600,-1.716700,51.834801,92,32,32,chair,0
8.718000,-1.695400,51.915001,106,61,53,chair,0
8.720900,-1.709300,51.918201,74,42,41,chair,0
8.717400,-1.715300,51.915100,79,33,39,chair,0
8.438100,-1.711200,51.842701,83,31,31,chair,0
8.346100,-1.716500,51.810501,118,71,45,chair,0
8.720700,-1.692600,51.895599,128,84,75,chair,0
8.724700,-1.704100,51.896400,83,38,42,chair,0
8.718000,-1.715100,51.899899,102,36,32,chair,0
8.406900,-1.703000,51.815201,103,41,36,chair,0
8.355200,-1.714300,51.797798,126,63,43,chair,0
8.289200,-1.817200,51.773800,154,96,62,chair,0
8.329200,-1.846600,51.784000,169,92,57,chair,0
8.322300,-1.869300,51.788300,149,95,59,chair,0
7.974300,-1.876500,51.696201,118,101,90,chair,0
8.718400,-1.691700,51.875900,143,94,87,chair,0
8.721300,-1.712300,51.884102,108,44,31,chair,0
8.708700,-1.714400,51.877499,100,37,29,chair,0
8.456400,-1.709100,51.805801,103,40,32,chair,0
8.345300,-1.712700,51.777599,105,34,31,chair,0
8.310400,-1.734400,51.750500,95,46,49,chair,0
8.290100,-1.754600,51.755901,86,49,58,chair,0
8.286400,-1.772300,51.749599,112,61,47,chair,0
8.290000,-1.796200,51.745800,74,41,49,chair,0
8.288200,-1.810800,51.744999,70,37,49,chair,0
7.968600,-1.844100,51.658600,124,105,87,chair,0
8.157700,-1.871300,51.719101,123,76,46,chair,0
8.337900,-1.649200,51.739399,73,41,45,chair,0
8.719700,-1.707500,51.866901,109,50,43,chair,0
8.709700,-1.713900,51.864300,119,54,28,chair,0
8.435800,-1.708600,51.785000,107,39,34,chair,0
8.347700,-1.714700,51.759602,107,36,26,chair,0
8.311400,-1.734500,51.747501,98,52,55,chair,0
8.313300,-1.753200,51.741798,98,34,28,chair,0
8.309100,-1.767500,51.739899,90,27,30,chair,0
8.297000,-1.800700,51.739899,101,54,51,chair,0
8.293300,-1.803900,51.741100,114,69,55,chair,0
8.295900,-1.830700,51.733700,99,68,47,chair,0
8.293400,-1.846800,51.730202,95,61,42,chair,0
8.288100,-1.867200,51.726601,96,51,42,chair,0
8.311100,-1.473500,51.701698,82,36,42,chair,0
8.308000,-1.489400,51.705101,119,72,58,chair,0
8.311500,-1.516200,51.701199,73,44,52,chair,0
8.331400,-1.538800,51.710602,88,39,44,chair,0
8.340000,-1.605900,51.722000,103,54,42,chair,0
8.335800,-1.625000,51.729500,71,47,55,chair,0
8.349000,-1.640500,51.735802,95,57,48,chair,0
8.712300,-1.703300,51.845600,103,51,41,chair,0
8.697900,-1.713200,51.839100,119,48,29,chair,0
8.439300,-1.706100,51.758999,111,40,30,chair,0
8.349000,-1.715400,51.720001,109,42,28,chair,0
8.301700,-1.785200,51.716499,169,93,60,chair,0
8.302300,-1.825700,51.725399,90,60,50,chair,0
8.298800,-1.856700,51.716900,91,36,29,chair,0
8.288800,-1.874000,51.721298,96,40,33,chair,0
8.287100,-1.880200,51.720699,98,44,33,chair,0
8.272300,-1.912100,51.718399,130,69,49,chair,0
8.270700,-1.921300,51.718201,128,70,49,chair,0
8.312700,-1.457500,51.692699,93,44,39,chair,0
8.321300,-1.478200,51.688801,112,84,73,chair,0
8.325400,-1.498900,51.692200,112,88,66,chair,0
8.323200,-1.502200,51.695702,69,37,33,chair,0
8.333600,-1.539200,51.707802,95,44,43,chair,0
8.335200,-1.552300,51.708000,100,49,45,chair,0
8.337300,-1.597100,51.711399,118,71,64,chair,0
8.339500,-1.607000,51.711700,122,75,67,chair,0
8.693200,-1.705200,51.819801,90,41,37,chair,0
8.686900,-1.711400,51.820801,105,40,32,chair,0
8.442000,-1.707000,51.742802,110,38,30,chair,0
8.387400,-1.717300,51.716099,116,37,25,chair,0
8.333100,-1.731000,51.704700,136,86,73,chair,0
8.329900,-1.752300,51.701199,130,80,70,chair,0
8.323600,-1.780700,51.697201,147,92,67,chair,0
8.335700,-1.806100,51.699001,106,57,49,chair,0
8.315500,-1.805500,51.694901,146,94,74,chair,0
8.309500,-1.863000,51.690102,150,100,76,chair,0
8.191900,-1.892700,51.657501,114,84,69,chair,0
8.290900,-1.914800,51.703098,95,62,47,chair,0
8.218800,-1.945700,51.663601,145,75,48,chair,0
8.310600,-1.437600,51.671799,120,106,82,chair,0
8.316800,-1.458500,51.675900,119,102,90,chair,0
8.320200,-1.471800,51.679401,104,77,65,chair,0
8.323700,-1.499000,51.680599,77,43,35,chair,0
8.323900,-1.501300,51.681198,75,43,38,chair,0
8.327800,-1.537900,51.684700,90,57,46,chair,0
8.333900,-1.555600,51.687000,98,49,38,chair,0
8.325600,-1.561800,51.685101,114,78,71,chair,0
8.681400,-1.705500,51.799801,111,54,34,chair,0
8.671100,-1.711000,51.796501,116,44,31,chair,0
8.453600,-1.705500,51.711399,124,40,28,chair,0
8.369300,-1.716000,51.698502,123,61,40,chair,0
8.325700,-1.776200,51.691502,163,96,65,chair,0
8.324100,-1.791600,51.691299,148,93,70,chair,0
8.320800,-1.806600,51.690899,124,77,64,chair,0
8.320000,-1.825000,51.684601,143,91,70,chair,0
8.315600,-1.849100,51.678001,152,98,67,chair,0
8.311100,-1.864000,51.677399,144,94,69,chair,0
8.304600,-1.887900,51.676498,130,79,54,chair,0
8.302100,-1.903000,51.673000,135,83,59,chair,0
8.298700,-1.927300,51.666500,152,98,66,chair,0
8.296200,-1.939300,51.666199,135,85,59,chair,0
8.291600,-1.970500,51.684399,163,82,56,chair,0
8.301300,-1.979800,51.671001,163,82,56,chair,0
7.686800,-1.299600,51.449402,146,117,95,chair,0
7.559000,-1.299800,51.409698,146,124,100,chair,0
8.675700,-1.705400,51.773701,97,67,56,chair,0
8.670400,-1.710600,51.770199,122,49,30,chair,0
8.482600,-1.708700,51.700199,108,43,35,chair,0
8.393100,-1.718800,51.673801,116,54,40,chair,0
8.364400,-1.739100,51.663502,109,60,47,chair,0
8.206700,-1.882600,51.624100,119,88,77,chair,0
8.205400,-1.900800,51.629299,119,89,76,chair,0
8.201900,-1.916500,51.619202,121,93,71,chair,0
8.295500,-1.945400,51.662899,153,99,69,chair,0
8.304200,-1.961600,51.664001,162,81,56,chair,0
8.343800,-1.993700,51.672298,164,82,56,chair,0
8.650500,-1.467600,51.740601,107,55,48,chair,0
7.687000,-1.299800,51.413502,156,125,101,chair,0
7.561200,-1.300100,51.373600,144,117,90,chair,0
8.677300,-1.692600,51.750500,104,48,47,chair,0
8.676700,-1.704300,51.761299,96,64,56,chair,0
8.677100,-1.710400,51.750702,104,61,51,chair,0
8.490800,-1.712900,51.686501,118,44,37,chair,0
8.466900,-1.732300,51.680500,157,81,60,chair,0
8.364400,-1.746500,51.661301,111,59,45,chair,0
8.362100,-1.757900,51.658100,104,54,42,chair,0
8.357900,-1.776200,51.653999,114,58,43,chair,0
8.355500,-1.801800,51.660198,148,85,61,chair,0
8.355800,-1.812300,51.645302,106,58,43,chair,0
8.354600,-1.831800,51.642399,110,58,39,chair,0
8.281500,-1.855700,51.629398,161,98,65,chair,0
8.205600,-1.880700,51.611900,117,88,76,chair,0
8.205900,-1.901700,51.595699,120,86,69,chair,0
8.208200,-1.922000,51.594101,123,86,69,chair,0
8.252800,-1.950300,51.613499,121,94,81,chair,0
8.260000,-1.966500,51.622700,137,74,42,chair,0
8.653300,-1.991200,51.748501,178,97,68,chair,0
8.652100,-1.466900,51.718899,102,55,42,chair,0
7.690400,-1.300300,51.386902,147,116,91,chair,0
7.556600,-1.300100,51.346401,156,128,107,chair,0
8.608000,-1.664000,51.703800,107,52,52,chair,0
8.683200,-1.689800,51.739201,115,73,62,chair,0
8.683600,-1.695800,51.742100,103,54,47,chair,0
8.686600,-1.713300,51.734001,95,63,55,chair,0
8.597700,-1.719600,51.709499,117,52,32,chair,0
8.468800,-1.735300,51.666698,157,82,60,chair,0
8.404000,-1.738400,51.644600,120,43,29,chair,0
8.401500,-1.762100,51.638802,116,44,33,chair,0
8.400500,-1.774500,51.637402,129,49,28,chair,0
8.352000,-1.837300,51.638901,95,36,27,chair,0
8.353100,-1.849400,51.639000,104,52,40,chair,0
8.360900,-1.867400,51.625999,101,52,41,chair,0
8.345800,-1.883100,51.634399,101,52,44,chair,0
8.343400,-1.902200,51.630402,101,54,45,chair,0
8.338900,-1.921000,51.626099,97,38,31,chair,0
8.336800,-1.938900,51.623798,96,46,43,chair,0
8.367700,-1.964800,51.626999,165,85,59,chair,0
8.384800,-1.987800,51.643600,166,86,59,chair,0
8.651700,-1.465600,51.703899,107,78,68,chair,0
8.652200,-1.466400,51.698299,117,103,94,chair,0
7.690000,-1.300500,51.362099,146,119,92,chair,0
7.556900,-1.299500,51.328701,142,116,91,chair,0
8.618500,-1.539100,51.681198,95,47,43,chair,0
8.610800,-1.563000,51.678799,105,43,47,chair,0
8.596200,-1.624000,51.679901,119,72,57,chair,0
8.618700,-1.651800,51.698700,106,50,46,chair,0
8.621100,-1.655500,51.695202,91,42,43,chair,0
8.620600,-1.669900,51.696301,105,57,50,chair,0
8.687800,-1.707300,51.720600,96,56,52,chair,0
8.685600,-1.711200,51.726799,194,141,102,chair,0
8.660500,-1.740100,51.707500,114,45,37,chair,0
8.656900,-1.758400,51.708000,100,57,43,chair,0
8.641800,-1.759700,51.704102,173,102,71,chair,0
8.397200,-1.772000,51.630501,99,38,35,chair,0
8.400600,-1.780500,51.633301,112,37,29,chair,0
8.399200,-1.798600,51.629700,111,36,25,chair,0
8.398300,-1.824200,51.624100,111,36,29,chair,0
8.395700,-1.837100,51.624599,106,40,27,chair,0
8.394100,-1.851500,51.620399,106,37,26,chair,0
8.392000,-1.867700,51.613400,101,30,28,chair,0
8.365500,-1.894000,51.612701,105,49,43,chair,0
8.253900,-1.915300,51.571400,124,99,85,chair,0
8.280200,-1.948300,51.589500,137,106,70,chair,0
8.389100,-1.971200,51.623699,167,87,61,chair,0
8.423300,-1.984500,51.640999,169,89,62,chair,0
8.120400,-1.299100,51.492901,173,154,137,chair,0
8.032100,-1.300700,51.453201,145,127,106,chair,0
8.651300,-1.464600,51.684799,94,55,55,chair,0
8.646500,-1.466300,51.679699,82,49,50,chair,0
8.628100,-1.480400,51.661701,133,95,78,chair,0
7.557100,-1.299400,51.297798,150,121,102,chair,0
8.623900,-1.521900,51.666100,119,72,59,chair,0
8.636700,-1.543600,51.668999,101,46,44,chair,0
8.635700,-1.559400,51.667301,107,82,75,chair,0
8.631000,-1.571300,51.666801,101,68,62,chair,0
8.624200,-1.592500,51.671700,103,79,70,chair,0
8.619700,-1.616300,51.676399,115,97,77,chair,0
8.618700,-1.623400,51.680698,113,70,57,chair,0
8.621000,-1.650500,51.678699,103,58,51,chair,0
8.622900,-1.663900,51.671299,98,54,48,chair,0
8.679200,-1.706700,51.705299,104,61,51,chair,0
8.672600,-1.711300,51.701401,175,116,86,chair,0
8.664500,-1.740700,51.700699,117,49,41,chair,0
8.667800,-1.759600,51.687500,126,57,38,chair,0
8.667500,-1.771700,51.691898,129,56,36,chair,0
8.651000,-1.780700,51.684898,108,48,35,chair,0
8.669100,-1.808300,51.689098,121,56,45,chair,0
8.670200,-1.817800,51.689999,126,58,49,chair,0
8.664400,-1.838600,51.688801,126,66,47,chair,0
8.389700,-1.844800,51.610100,104,43,39,chair,0
8.392800,-1.862700,51.612099,96,31,32,chair,0
8.391700,-1.871600,51.612000,95,29,32,chair,0
8.388600,-1.887600,51.609699,98,32,27,chair,0
8.385500,-1.907300,51.604500,91,30,30,chair,0
8.384400,-1.923400,51.598000,95,33,28,chair,0
8.383000,-1.943400,51.595600,90,60,49,chair,0
8.683600,-1.966900,51.697102,182,103,75,chair,0
8.500000,-1.981000,51.641602,173,94,67,chair,0
8.299600,-1.299000,51.529598,138,136,126,chair,0
8.637700,-1.404400,51.638302,143,106,90,chair,0
8.641500,-1.421800,51.641499,85,56,57,chair,0
8.641600,-1.442200,51.649601,118,50,46,chair,0
8.644900,-1.464200,51.650101,120,60,42,chair,0
7.809900,-1.301200,51.363400,150,126,103,chair,0
8.644100,-1.490100,51.657398,98,48,44,chair,0
8.644000,-1.500100,51.652802,98,47,42,chair,0
8.634200,-1.531700,51.652599,90,50,44,chair,0
8.637300,-1.547100,51.650501,103,67,55,chair,0
8.637500,-1.554100,51.665501,103,85,77,chair,0
8.632700,-1.567500,51.665901,101,68,59,chair,0
8.623200,-1.588600,51.663399,113,61,47,chair,0
8.623100,-1.678500,51.659698,106,57,49,chair,0
8.661200,-1.705100,51.680698,105,58,47,chair,0
8.661500,-1.709400,51.681000,107,49,36,chair,0
8.659300,-1.741600,51.681999,129,70,44,chair,0
8.667500,-1.758600,51.686401,126,58,41,chair,0
8.668800,-1.770800,51.686298,132,59,32,chair,0
8.665900,-1.791400,51.677601,116,51,39,chair,0
8.671400,-1.805200,51.686901,114,52,44,chair,0
8.672400,-1.811600,51.687801,120,54,46,chair,0
8.674000,-1.831300,51.687000,109,67,58,chair,0
8.677700,-1.848600,51.680698,143,65,44,chair,0
8.681400,-1.867100,51.675701,140,64,46,chair,0
8.677400,-1.882100,51.676399,144,66,47,chair,0
8.437100,-1.887300,51.590099,114,36,30,chair,0
8.369800,-1.917000,51.575699,136,102,79,chair,0
8.356300,-1.926500,51.571701,149,103,75,chair,0
8.376900,-1.957300,51.586700,98,47,41,chair,0
8.672800,-1.975500,51.690701,181,102,74,chair,0
8.671700,-1.994600,51.678799,187,113,76,chair,0
8.650000,-1.410300,51.633400,117,61,47,chair,0
8.651900,-1.426700,51.626099,131,109,97,chair,0
8.650700,-1.446000,51.629398,119,108,96,chair,0
8.649000,-1.460200,51.633301,127,109,91,chair,0
8.647600,-1.479900,51.639599,116,91,78,chair,0
8.645700,-1.488900,51.644402,111,84,76,chair,0
8.645300,-1.501500,51.646099,103,60,43,chair,0
8.626600,-1.528100,51.641499,112,70,52,chair,0
8.630500,-1.547600,51.643799,126,79,58,chair,0
8.628600,-1.698700,51.651402,104,55,50,chair,0
8.632000,-1.706700,51.652199,106,56,49,chair,0
8.495800,-1.709300,51.595299,138,63,39,chair,0
8.580700,-1.744300,51.635502,127,63,48,chair,0
8.623300,-1.771300,51.648300,122,55,40,chair,0
8.627300,-1.790300,51.646301,124,55,39,chair,0
8.627400,-1.798700,51.641602,116,55,40,chair,0
8.675900,-1.824100,51.668499,123,51,32,chair,0
8.680000,-1.842300,51.667599,121,51,33,chair,0
8.679200,-1.848900,51.662998,116,56,39,chair,0
8.682500,-1.863500,51.664902,109,42,31,chair,0
8.680500,-1.888100,51.673302,129,67,51,chair,0
8.680900,-1.909400,51.667500,143,66,54,chair,0
8.679700,-1.913800,51.667400,125,70,55,chair,0
8.434200,-1.925600,51.578999,110,38,29,chair,0
8.703200,-1.956300,51.682999,183,105,77,chair,0
8.658600,-1.968300,51.654400,182,104,76,chair,0
8.642300,-1.979600,51.648701,181,103,75,chair,0
8.491700,-1.690100,51.578899,96,56,51,chair,0
8.500700,-1.706300,51.585201,116,49,46,chair,0
8.486600,-1.708200,51.577301,135,60,36,chair,0
8.671500,-1.754600,51.645000,170,95,72,chair,0
8.462800,-1.742100,51.554199,129,67,48,chair,0
8.480100,-1.765200,51.573101,162,87,64,chair,0
8.423600,-1.776300,51.558498,105,48,34,chair,0
8.632800,-1.824200,51.637001,116,46,34,chair,0
8.634000,-1.831000,51.635601,114,44,35,chair,0
8.635900,-1.852400,51.632198,102,34,35,chair,0
8.678500,-1.874500,51.654499,112,55,41,chair,0
8.683600,-1.890300,51.655800,101,41,34,chair,0
8.684500,-1.904500,51.655102,93,39,34,chair,0
8.686300,-1.922600,51.651199,91,30,36,chair,0
8.688300,-1.941500,51.648602,83,31,29,chair,0
8.689800,-1.954300,51.646801,84,29,26,chair,0
8.682900,-1.961700,51.639599,127,67,46,chair,0
8.680300,-1.992200,51.638302,118,55,31,chair,0
8.458900,-1.685000,51.537201,104,68,58,chair,0
8.484500,-1.704700,51.558601,109,48,41,chair,0
8.476800,-1.706900,51.554100,126,65,40,chair,0
8.474800,-1.736800,51.552101,110,47,29,chair,0
8.476600,-1.746600,51.549301,111,50,34,chair,0
8.441700,-1.774800,51.540199,160,86,63,chair,0
8.447100,-1.777300,51.543499,161,86,64,chair,0
8.589300,-1.873700,51.602299,117,53,41,chair,0
8.635400,-1.892900,51.619099,113,59,40,chair,0
8.639200,-1.909600,51.617500,96,38,33,chair,0
8.695800,-1.913200,51.629501,158,124,95,chair,0
8.715800,-1.940800,51.650902,184,107,80,chair,0
8.660200,-1.945800,51.614399,182,106,79,chair,0
8.690400,-1.964100,51.641602,88,34,31,chair,0
8.694700,-1.994400,51.637699,80,30,30,chair,0
8.418900,-1.770800,51.513401,159,85,63,chair,0
8.419900,-1.788200,51.510899,159,85,63,chair,0
8.667800,-1.910900,51.595299,141,122,101,chair,0
8.704100,-1.916900,51.620300,162,125,96,chair,0
8.703800,-1.932400,51.610199,184,109,82,chair,0
8.642600,-1.960900,51.603901,116,58,44,chair,0
8.645800,-1.970100,51.605099,81,31,30,chair,0
8.708600,-1.994000,51.622700,187,126,97,chair,0
8.661500,-1.910100,51.583500,147,126,98,chair,0
8.733400,-1.926100,51.614300,184,110,83,chair,0
8.604300,-1.943400,51.560299,168,122,94,chair,0
8.192000,-1.316400,53.590500,69,65,73,chair,1
8.191200,-1.353600,53.589802,80,68,80,chair,1
8.188200,-1.361000,53.591400,81,68,82,chair,1
8.188400,-1.387400,53.591000,73,67,70,chair,1
8.190000,-1.398200,53.589500,74,65,75,chair,1
8.187800,-1.427400,53.590099,81,70,84,chair,1
8.189400,-1.454400,53.588402,87,73,82,chair,1
8.185600,-1.473300,53.589401,67,62,81,chair,1
8.186400,-1.489400,53.589901,79,69,88,chair,1
8.190700,-1.513700,53.577599,77,63,82,chair,1
8.190000,-1.530000,53.576599,87,74,89,chair,1
8.190500,-1.556500,53.574600,83,64,85,chair,1
8.189200,-1.570700,53.577202,82,66,81,chair,1
8.189400,-1.596200,53.574299,88,66,88,chair,1
8.187800,-1.614100,53.573200,89,80,90,chair,1
8.188700,-1.635400,53.571499,96,83,95,chair,1
8.188500,-1.654900,53.571201,90,82,92,chair,1
8.188700,-1.672700,53.574200,90,70,89,chair,1
8.187300,-1.695100,53.573799,81,66,81,chair,1
8.186400,-1.713000,53.571499,81,77,86,chair,1
8.205100,-1.737700,53.568199,59,86,94,chair,1
8.206500,-1.745300,53.564301,102,133,128,chair,1
8.195300,-1.765500,53.568699,106,158,157,chair,1
8.223200,-1.300200,53.562698,71,67,75,chair,1
8.195600,-1.330500,53.568298,90,79,86,chair,1
8.195200,-1.351500,53.564602,83,67,84,chair,1
8.195300,-1.368800,53.561798,87,73,86,chair,1
8.195300,-1.395300,53.564701,86,69,84,chair,1
8.194600,-1.409400,53.561600,89,70,86,chair,1
8.193300,-1.426000,53.558800,116,127,125,chair,1
8.195000,-1.442800,53.564899,104,108,113,chair,1
8.192700,-1.472900,53.563999,71,64,81,chair,1
8.193000,-1.478500,53.561199,64,59,76,chair,1
8.193000,-1.508600,53.564701,88,77,86,chair,1
8.193800,-1.533400,53.561501,90,68,85,chair,1
8.196700,-1.556900,53.559700,88,65,84,chair,1
8.192000,-1.575900,53.561001,87,68,82,chair,1
8.195700,-1.590800,53.569500,100,89,95,chair,1
8.194900,-1.616300,53.559101,92,72,86,chair,1
8.197500,-1.625500,53.560001,89,75,90,chair,1
8.190400,-1.657300,53.562698,118,120,132,chair,1
8.194400,-1.661600,53.559101,86,71,88,chair,1
8.188600,-1.688500,53.558498,101,90,102,chair,1
8.188600,-1.717100,53.560101,57,64,77,chair,1
8.207400,-1.737800,53.542702,60,93,89,chair,1
8.208400,-1.753000,53.541000,87,130,121,chair,1
8.208400,-1.759500,53.546501,122,165,154,chair,1
8.214500,-1.299600,53.542702,150,170,158,chair,1
8.152100,-1.315800,53.556499,152,162,142,chair,1
8.151300,-1.345000,53.558498,143,148,135,chair,1
8.151900,-1.365000,53.555000,146,150,134,chair,1
8.150600,-1.377400,53.556198,148,152,134,chair,1
8.149400,-1.406100,53.558800,124,126,116,chair,1
8.186000,-1.431200,53.557400,119,131,127,chair,1
8.170300,-1.447900,53.554798,158,182,173,chair,1
8.186600,-1.461400,53.557301,114,131,132,chair,1
8.171700,-1.478300,53.554501,160,182,167,chair,1
8.189500,-1.509800,53.533901,124,125,122,chair,1
8.188000,-1.522000,53.553299,95,83,83,chair,1
8.170400,-1.541400,53.554798,141,148,146,chair,1
8.172400,-1.571700,53.554298,135,128,130,chair,1
8.145100,-1.588900,53.555401,162,189,187,chair,1
8.164100,-1.609900,53.553001,200,233,226,chair,1
8.171300,-1.627800,53.554501,152,186,177,chair,1
8.144300,-1.646100,53.554600,134,153,151,chair,1
8.186000,-1.677300,53.534698,170,198,191,chair,1
8.188100,-1.687800,53.528000,79,90,102,chair,1
8.185800,-1.703300,53.527901,73,59,82,chair,1
8.211800,-1.739300,53.523399,88,118,116,chair,1
8.214600,-1.742300,53.520199,73,110,111,chair,1
8.210300,-1.759200,53.535801,117,160,150,chair,1
8.122400,-1.298600,53.551701,128,143,135,chair,1
8.009700,-1.296800,53.577599,132,153,144,chair,1
7.912100,-1.298000,53.598400,108,132,130,chair,1
7.549500,-1.298200,53.703499,159,187,180,chair,1
7.414500,-1.298500,53.734299,152,185,180,chair,1
7.274200,-1.300400,53.771301,225,242,237,chair,1
7.145600,-1.305000,53.813900,58,103,118,chair,1
8.193000,-1.504300,53.514801,106,90,90,chair,1
8.177600,-1.516200,53.518600,114,104,104,chair,1
8.196300,-1.678600,53.503899,58,64,79,chair,1
8.198100,-1.679300,53.511799,58,66,78,chair,1
8.189600,-1.715700,53.506802,73,87,92,chair,1
8.216900,-1.739200,53.497398,90,126,127,chair,1
8.217000,-1.746000,53.501999,80,117,117,chair,1
8.213300,-1.760700,53.502800,106,146,136,chair,1
8.148200,-1.775200,53.516998,167,200,182,chair,1
7.554000,-1.299100,53.675701,158,195,191,chair,1
7.413600,-1.298900,53.727402,178,209,203,chair,1
7.278900,-1.300700,53.750999,227,242,237,chair,1
7.151100,-1.306600,53.779701,60,105,109,chair,1
8.192900,-1.515700,53.493500,115,109,105,chair,1
8.187900,-1.517700,53.507599,111,105,105,chair,1
8.195700,-1.685400,53.482601,60,62,82,chair,1
8.195200,-1.716700,53.485100,70,83,86,chair,1
8.220100,-1.737800,53.475101,63,100,94,chair,1
8.222200,-1.741300,53.475101,74,102,105,chair,1
8.201700,-1.768900,53.479801,125,176,172,chair,1
8.154900,-1.775000,53.493500,160,197,176,chair,1
7.685500,-1.299600,53.611801,130,170,169,chair,1
7.557300,-1.299600,53.652599,137,173,171,chair,1
7.411100,-1.298600,53.684200,163,194,192,chair,1
7.275100,-1.300300,53.735699,198,242,237,chair,1
8.181200,-1.495600,53.484001,53,69,84,chair,1
8.203100,-1.499800,53.467899,115,111,110,chair,1
8.195400,-1.677900,53.481098,158,185,185,chair,1
8.198600,-1.690200,53.460999,67,60,85,chair,1
8.200600,-1.718300,53.470299,74,69,90,chair,1
8.224300,-1.734400,53.452499,85,108,115,chair,1
8.223500,-1.751100,53.452301,106,139,131,chair,1
8.214400,-1.762000,53.474899,130,178,164,chair,1
8.153600,-1.775500,53.473999,115,167,162,chair,1
7.799800,-1.298200,53.561298,117,137,128,chair,1
7.689100,-1.300000,53.605400,133,168,174,chair,1
7.552800,-1.299000,53.618198,123,165,164,chair,1
7.409000,-1.297900,53.657200,179,213,210,chair,1
7.267400,-1.299200,53.713799,164,201,195,chair,1
7.133100,-1.302800,53.730099,218,243,237,chair,1
8.205600,-1.500800,53.443501,141,144,147,chair,1
8.205900,-1.679200,53.443100,55,60,77,chair,1
8.200900,-1.697800,53.438599,70,59,84,chair,1
8.203800,-1.718300,53.439701,58,65,85,chair,1
8.228800,-1.731000,53.431900,64,82,90,chair,1
8.227100,-1.746800,53.432201,88,125,118,chair,1
8.209500,-1.766300,53.435001,102,151,152,chair,1
8.157800,-1.775200,53.457100,122,171,162,chair,1
7.796800,-1.297800,53.541199,108,121,118,chair,1
7.680800,-1.298500,53.565300,143,173,167,chair,1
7.556500,-1.299300,53.602402,139,180,181,chair,1
7.414700,-1.298600,53.633598,160,197,193,chair,1
7.267200,-1.298700,53.671001,163,195,186,chair,1
7.131500,-1.302600,53.719898,223,242,237,chair,1
8.209400,-1.503300,53.421200,110,98,98,chair,1
7.823000,-1.503000,53.518200,65,60,70,chair,1
7.825700,-1.524400,53.518501,66,61,74,chair,1
7.826400,-1.548900,53.520599,68,59,72,chair,1
7.826500,-1.567800,53.520401,66,59,71,chair,1
7.831700,-1.588000,53.521801,67,62,74,chair,1
7.834000,-1.612700,53.522598,66,61,72,chair,1
8.203800,-1.679300,53.422199,68,79,91,chair,1
8.205400,-1.683000,53.416901,61,64,81,chair,1
8.204800,-1.714200,53.416698,60,63,85,chair,1
8.230900,-1.728800,53.412201,65,77,87,chair,1
8.229500,-1.744100,53.413898,107,133,132,chair,1
8.214400,-1.764900,53.421700,123,169,175,chair,1
8.159500,-1.775600,53.433300,90,141,139,chair,1
7.826800,-1.780900,53.520199,84,75,97,chair,1
7.805000,-1.323900,53.510700,56,51,77,chair,1
7.807100,-1.361700,53.513699,54,54,74,chair,1
7.808300,-1.390800,53.516399,58,51,72,chair,1
7.815500,-1.411000,53.500099,42,43,73,chair,1
8.212700,-1.500400,53.410599,113,108,106,chair,1
8.209600,-1.503200,53.407501,123,117,117,chair,1
7.824400,-1.481600,53.499599,55,52,65,chair,1
7.821500,-1.484500,53.517399,62,55,75,chair,1
7.828400,-1.529100,53.504101,40,40,71,chair,1
7.830800,-1.550500,53.503601,52,64,89,chair,1
7.833900,-1.569900,53.507599,74,86,104,chair,1
7.836100,-1.594800,53.507099,82,90,111,chair,1
7.838800,-1.618400,53.504902,57,60,92,chair,1
8.209500,-1.676800,53.400799,182,211,200,chair,1
8.207400,-1.696900,53.395802,67,72,94,chair,1
8.211600,-1.716300,53.397202,68,71,83,chair,1
8.233800,-1.732800,53.394501,83,119,122,chair,1
8.232000,-1.750700,53.387699,105,138,125,chair,1
8.220700,-1.763000,53.397301,88,134,144,chair,1
8.167200,-1.776000,53.406898,136,178,167,chair,1
7.829000,-1.776900,53.485901,126,128,133,chair,1
7.824900,-1.805400,53.502399,116,124,132,chair,1
7.807700,-1.334700,53.496101,87,97,119,chair,1
7.809700,-1.367200,53.498901,87,95,114,chair,1
7.813100,-1.389400,53.498100,83,97,102,chair,1
7.812400,-1.400000,53.495098,100,115,115,chair,1
8.194200,-1.496200,53.401299,76,92,107,chair,1
8.210300,-1.516400,53.379398,93,77,86,chair,1
7.800700,-1.461600,53.494099,106,111,118,chair,1
7.784700,-1.498000,53.491699,122,146,143,chair,1
7.783700,-1.523600,53.499901,116,134,137,chair,1
7.784400,-1.535000,53.498798,112,133,134,chair,1
7.786600,-1.563700,53.500000,124,151,143,chair,1
8.211500,-1.679300,53.386902,66,75,93,chair,1
8.211400,-1.695600,53.375099,79,64,92,chair,1
8.219700,-1.720400,53.381302,61,75,89,chair,1
8.236600,-1.731300,53.366699,71,98,99,chair,1
8.236700,-1.742400,53.366798,83,115,118,chair,1
8.222700,-1.764400,53.370499,128,173,174,chair,1
8.156300,-1.775600,53.390202,143,185,175,chair,1
7.835400,-1.778300,53.460800,167,186,180,chair,1
8.019100,-1.298400,53.416401,117,128,124,chair,1
7.908700,-1.297500,53.446301,120,141,134,chair,1
7.780600,-1.297300,53.469002,123,150,150,chair,1
7.676500,-1.297900,53.489399,129,158,160,chair,1
7.554400,-1.299200,53.520302,137,176,178,chair,1
7.414600,-1.298800,53.546398,158,197,196,chair,1
7.259800,-1.297600,53.587299,177,206,202,chair,1
8.198500,-1.497000,53.369999,83,94,100,chair,1
8.216100,-1.509900,53.360802,119,107,111,chair,1
8.217300,-1.696200,53.350800,63,65,86,chair,1
8.219300,-1.716000,53.350399,53,57,79,chair,1
8.238700,-1.730200,53.347599,63,98,102,chair,1
8.239700,-1.749000,53.344700,120,148,134,chair,1
8.225300,-1.764400,53.350899,123,166,164,chair,1
8.153500,-1.775300,53.376900,99,144,143,chair,1
7.835700,-1.776900,53.442299,131,124,120,chair,1
8.114700,-1.297000,53.386101,115,129,122,chair,1
8.013600,-1.297900,53.394402,112,129,123,chair,1
7.909200,-1.297400,53.415001,127,150,146,chair,1
7.791400,-1.296900,53.438000,125,151,158,chair,1
7.680900,-1.298400,53.465900,132,169,164,chair,1
7.549500,-1.298400,53.505600,151,183,190,chair,1
7.415500,-1.298700,53.543499,155,193,196,chair,1
7.264100,-1.298200,53.567001,172,202,196,chair,1
8.221100,-1.501800,53.336601,98,79,93,chair,1
8.219300,-1.516600,53.337200,126,126,124,chair,1
8.219400,-1.680700,53.340801,109,125,128,chair,1
8.218500,-1.694100,53.334000,59,61,80,chair,1
8.217600,-1.716500,53.330898,52,72,84,chair,1
8.242000,-1.736600,53.329800,67,95,102,chair,1
8.241900,-1.750700,53.326099,139,161,146,chair,1
8.224800,-1.766800,53.327599,106,146,142,chair,1
8.150300,-1.774700,53.349098,111,152,151,chair,1
7.838500,-1.776600,53.419498,131,121,121,chair,1
7.833100,-1.797000,53.419601,62,58,72,chair,1
7.828800,-1.818700,53.415001,94,73,88,chair,1
8.116000,-1.297500,53.358002,111,125,116,chair,1
8.017900,-1.297900,53.369999,108,121,122,chair,1
7.902700,-1.297400,53.390301,57,71,77,chair,1
7.553000,-1.298900,53.471500,152,188,188,chair,1
7.413000,-1.299000,53.495800,165,199,195,chair,1
7.261900,-1.298300,53.534698,173,206,196,chair,1
8.223500,-1.501000,53.326000,97,76,92,chair,1
8.223500,-1.507900,53.314301,97,89,87,chair,1
8.222200,-1.679000,53.312199,66,71,89,chair,1
8.222800,-1.695300,53.311699,63,65,84,chair,1
8.227800,-1.718800,53.307701,57,60,79,chair,1
8.245400,-1.740400,53.312401,53,84,88,chair,1
8.245400,-1.754000,53.303699,137,164,151,chair,1
8.228600,-1.766200,53.314400,127,165,150,chair,1
8.163800,-1.775600,53.323898,131,164,160,chair,1
7.841300,-1.777000,53.399899,132,119,127,chair,1
8.114500,-1.297300,53.342999,112,122,116,chair,1
8.014700,-1.297700,53.357300,119,130,125,chair,1
7.417100,-1.299100,53.487400,167,202,196,chair,1
7.264500,-1.298300,53.502201,182,211,204,chair,1
8.225600,-1.500700,53.310501,93,80,84,chair,1
8.226900,-1.514200,53.293400,130,122,124,chair,1
8.225600,-1.679100,53.288300,66,72,89,chair,1
8.226600,-1.683800,53.287498,59,60,79,chair,1
8.225400,-1.709300,53.287102,54,58,76,chair,1
8.250400,-1.739400,53.287701,47,74,75,chair,1
8.250500,-1.752300,53.284401,92,129,118,chair,1
8.233200,-1.766500,53.296600,135,167,149,chair,1
8.160800,-1.775600,53.300301,91,130,125,chair,1
8.110400,-1.297100,53.306599,108,114,113,chair,1
8.016200,-1.297500,53.325298,109,125,120,chair,1
7.416100,-1.298900,53.451099,150,190,188,chair,1
7.263200,-1.298200,53.474400,164,194,187,chair,1
8.233000,-1.500600,53.272099,155,164,153,chair,1
8.232200,-1.510200,53.272202,107,100,96,chair,1
8.231300,-1.678800,53.269100,149,170,166,chair,1
8.230100,-1.701200,53.266102,61,61,83,chair,1
8.228600,-1.713800,53.266399,56,56,79,chair,1
8.255600,-1.741600,53.260300,68,96,103,chair,1
8.254400,-1.747800,53.267101,90,125,110,chair,1
8.236500,-1.767400,53.264099,112,143,136,chair,1
8.164100,-1.775700,53.289001,119,160,148,chair,1
8.117100,-1.297600,53.295799,108,119,116,chair,1
8.016600,-1.297500,53.317699,112,124,122,chair,1
7.910400,-1.298000,53.325600,141,167,167,chair,1
7.792400,-1.296600,53.343201,132,168,166,chair,1
7.549900,-1.298300,53.396702,145,182,181,chair,1
7.411400,-1.298900,53.416500,155,192,189,chair,1
7.266100,-1.298700,53.456799,180,209,202,chair,1
8.233800,-1.500800,53.259399,90,75,84,chair,1
8.235600,-1.508500,53.252602,93,75,87,chair,1
8.230800,-1.681900,53.250500,66,67,90,chair,1
8.232200,-1.693200,53.245201,58,62,78,chair,1
8.232100,-1.715000,53.246899,64,58,85,chair,1
8.259300,-1.741700,53.240002,104,136,125,chair,1
8.259200,-1.755000,53.242001,99,134,121,chair,1
8.246500,-1.766500,53.246399,96,133,133,chair,1
8.161500,-1.775800,53.269299,106,144,143,chair,1
8.247900,-1.322700,53.241699,51,41,73,chair,1
8.252700,-1.338800,53.237598,50,47,73,chair,1
8.248700,-1.363900,53.240398,54,46,67,chair,1
8.247500,-1.367600,53.240299,54,46,66,chair,1
8.251100,-1.389600,53.237400,55,48,69,chair,1
8.246700,-1.426300,53.230999,72,64,82,chair,1
8.249000,-1.433700,53.234501,88,73,87,chair,1
8.248100,-1.456500,53.231701,90,77,94,chair,1
8.247800,-1.482700,53.228699,89,71,94,chair,1
8.246000,-1.501500,53.238201,90,72,98,chair,1
8.246000,-1.524400,53.227001,70,61,75,chair,1
8.247100,-1.534700,53.225700,81,70,86,chair,1
8.246600,-1.547500,53.225800,77,67,92,chair,1
8.242900,-1.578700,53.225700,79,64,83,chair,1
8.245100,-1.602100,53.229198,83,69,87,chair,1
8.242800,-1.620100,53.224400,81,73,85,chair,1
8.244600,-1.631100,53.226101,84,72,95,chair,1
8.242600,-1.662800,53.229599,84,71,93,chair,1
8.243300,-1.672600,53.229500,84,70,93,chair,1
8.243700,-1.685700,53.222801,78,72,92,chair,1
8.243600,-1.711300,53.222900,63,60,87,chair,1
8.264000,-1.740300,53.219700,82,111,114,chair,1
8.262100,-1.746500,53.224800,97,125,108,chair,1
8.247900,-1.768000,53.231998,139,165,164,chair,1
8.157600,-1.775300,53.254501,115,152,146,chair,1
8.253800,-1.316400,53.215199,69,64,86,chair,1
8.253200,-1.342900,53.215000,71,59,82,chair,1
8.250800,-1.363500,53.214001,78,70,79,chair,1
8.250300,-1.371900,53.212898,79,67,83,chair,1
8.249300,-1.402900,53.219299,82,64,83,chair,1
8.252200,-1.425300,53.218300,71,72,76,chair,1
8.251300,-1.435000,53.215599,83,84,102,chair,1
8.250800,-1.456900,53.211201,82,70,94,chair,1
8.261000,-1.486100,53.215401,86,72,92,chair,1
8.247600,-1.497300,53.212799,79,68,87,chair,1
8.264900,-1.510400,53.216900,80,73,90,chair,1
8.248100,-1.538600,53.213100,81,82,100,chair,1
8.246700,-1.558100,53.212502,77,69,86,chair,1
8.246600,-1.581700,53.214901,86,79,97,chair,1
8.245200,-1.604100,53.211899,88,67,87,chair,1
8.247100,-1.624800,53.216202,82,79,98,chair,1
8.243600,-1.638300,53.213501,84,71,88,chair,1
8.244800,-1.663700,53.213600,109,121,132,chair,1
8.244400,-1.676500,53.213699,105,117,129,chair,1
8.245100,-1.702300,53.213600,87,93,113,chair,1
8.244800,-1.718200,53.213600,44,51,76,chair,1
8.262800,-1.739600,53.213600,88,111,120,chair,1
8.264100,-1.751200,53.214100,92,126,118,chair,1
8.238400,-1.768400,53.221901,123,152,159,chair,1
8.137600,-1.774000,53.236599,124,164,160,chair,1
8.249700,-1.311300,53.207298,76,66,71,chair,1
8.211500,-1.335000,53.204899,116,122,115,chair,1
8.209900,-1.346200,53.208698,113,116,109,chair,1
8.209800,-1.365400,53.206799,107,106,104,chair,1
8.209300,-1.384900,53.205601,92,94,94,chair,1
8.238200,-1.423900,53.206001,81,66,88,chair,1
8.226400,-1.436100,53.207298,139,148,144,chair,1
8.236100,-1.444900,53.208698,104,109,112,chair,1
8.237100,-1.481000,53.208599,99,106,113,chair,1
8.166300,-1.491000,53.210602,89,101,113,chair,1
8.228600,-1.521600,53.206902,132,136,136,chair,1
8.219800,-1.529600,53.205299,152,156,154,chair,1
8.227700,-1.544200,53.207001,112,117,117,chair,1
8.228900,-1.580200,53.206799,115,106,107,chair,1
8.229500,-1.596500,53.206699,113,108,110,chair,1
8.221300,-1.614300,53.205101,187,204,203,chair,1
8.220700,-1.633600,53.205200,185,213,209,chair,1
8.229600,-1.676700,53.185101,232,255,255,chair,1
8.230700,-1.696600,53.185200,81,73,89,chair,1
8.254300,-1.719800,53.180599,59,78,95,chair,1
8.263700,-1.728800,53.182301,65,89,102,chair,1
8.260700,-1.749200,53.195000,121,147,150,chair,1
8.201000,-1.759400,53.189800,98,137,137,chair,1
8.113900,-1.772400,53.222599,102,151,157,chair,1
8.219300,-1.302900,53.193001,107,112,104,chair,1
8.114700,-1.297100,53.197300,121,134,124,chair,1
8.010200,-1.298300,53.213699,127,149,150,chair,1
7.908100,-1.297200,53.242298,119,141,146,chair,1
7.797900,-1.297700,53.261501,122,146,145,chair,1
7.674000,-1.297700,53.275902,137,179,189,chair,1
7.543600,-1.297100,53.293999,173,199,194,chair,1
7.406300,-1.297200,53.330299,160,192,187,chair,1
7.255300,-1.297000,53.347900,165,189,183,chair,1
8.095700,-1.472900,53.212502,76,86,99,chair,1
8.134500,-1.488500,53.197701,103,112,111,chair,1
8.255100,-1.679900,53.165100,143,167,166,chair,1
8.256800,-1.694500,53.160801,49,83,101,chair,1
8.259600,-1.709400,53.167400,82,112,108,chair,1
8.259900,-1.725200,53.173599,61,90,102,chair,1
8.179100,-1.743000,53.183998,61,94,113,chair,1
8.171000,-1.760900,53.188499,112,146,140,chair,1
8.083100,-1.770500,53.207199,159,203,202,chair,1
8.211200,-1.297800,53.159000,110,117,112,chair,1
8.111800,-1.296500,53.179901,122,136,125,chair,1
8.014800,-1.298900,53.195900,126,141,141,chair,1
7.907400,-1.297100,53.209801,126,148,153,chair,1
7.797400,-1.297700,53.227100,127,161,156,chair,1
7.674900,-1.297800,53.246899,148,186,195,chair,1
7.545100,-1.297500,53.275501,168,199,191,chair,1
7.400300,-1.296300,53.293499,168,194,188,chair,1
7.257100,-1.297100,53.317501,176,197,192,chair,1
8.072200,-1.475300,53.185799,168,181,171,chair,1
8.073500,-1.492300,53.188599,107,117,119,chair,1
8.010500,-1.490700,53.192299,88,102,113,chair,1
8.250800,-1.689000,53.153500,197,229,217,chair,1
8.096300,-1.696300,53.175201,111,138,139,chair,1
8.113200,-1.725400,53.175800,65,98,115,chair,1
8.139100,-1.736300,53.177799,65,98,121,chair,1
8.118000,-1.758800,53.181301,112,147,141,chair,1
8.023400,-1.767300,53.187801,134,173,190,chair,1
8.209400,-1.297600,53.141701,114,120,108,chair,1
8.115500,-1.297400,53.160702,115,131,125,chair,1
8.017900,-1.298000,53.170399,140,156,149,chair,1
7.904200,-1.297300,53.195900,115,146,141,chair,1
7.795000,-1.297400,53.209301,142,174,185,chair,1
7.672900,-1.297300,53.224098,143,185,194,chair,1
7.540600,-1.296300,53.244999,150,185,182,chair,1
7.402700,-1.296500,53.276001,176,200,190,chair,1
7.256700,-1.297100,53.289600,183,205,192,chair,1
7.975700,-1.473300,53.187901,52,52,73,chair,1
7.969000,-1.490500,53.173401,94,91,98,chair,1
8.000300,-1.679400,53.171299,186,215,213,chair,1
8.012100,-1.691600,53.166000,79,101,118,chair,1
8.032400,-1.705100,53.169399,62,87,114,chair,1
8.041600,-1.736600,53.164700,66,105,119,chair,1
8.055600,-1.752100,53.168900,99,134,139,chair,1
7.988800,-1.767400,53.180199,122,163,162,chair,1
8.114400,-1.297300,53.133400,119,137,128,chair,1
8.019100,-1.298300,53.147301,136,159,157,chair,1
7.909900,-1.297700,53.174599,133,160,159,chair,1
7.795800,-1.297600,53.191399,141,178,197,chair,1
7.864600,-1.351000,53.168201,52,51,74,chair,1
7.867200,-1.372700,53.167999,49,50,75,chair,1
7.865700,-1.394200,53.168201,62,45,72,chair,1
7.873500,-1.419700,53.167301,59,49,68,chair,1
7.874800,-1.445600,53.169300,55,50,72,chair,1
7.946300,-1.472700,53.163101,52,49,70,chair,1
7.960700,-1.489900,53.170300,95,95,102,chair,1
7.883300,-1.496400,53.168900,58,53,78,chair,1
7.885000,-1.529700,53.170200,66,65,80,chair,1
7.889300,-1.550400,53.158501,81,94,110,chair,1
7.892100,-1.574100,53.158600,43,50,84,chair,1
7.894500,-1.593300,53.159599,46,51,85,chair,1
7.895900,-1.610000,53.157501,109,120,125,chair,1
7.895700,-1.640800,53.157501,108,122,132,chair,1
7.895900,-1.657900,53.157501,99,111,130,chair,1
7.948400,-1.690900,53.156200,58,84,103,chair,1
7.980200,-1.713100,53.157799,47,86,96,chair,1
7.987000,-1.734300,53.160198,67,104,120,chair,1
7.984200,-1.750500,53.160599,86,123,127,chair,1
7.909300,-1.762000,53.162102,107,135,132,chair,1
7.885900,-1.792300,53.155602,109,119,124,chair,1
8.116400,-1.297300,53.119900,116,130,119,chair,1
8.011900,-1.297400,53.126499,103,120,117,chair,1
7.908000,-1.297400,53.139999,126,156,157,chair,1
7.872600,-1.401600,53.150799,101,111,115,chair,1
7.855100,-1.408300,53.146900,139,150,148,chair,1
7.877900,-1.447800,53.156898,76,74,104,chair,1
7.889800,-1.471200,53.155102,78,78,89,chair,1
7.880800,-1.479900,53.149502,103,98,97,chair,1
7.886300,-1.515500,53.152100,100,96,101,chair,1
7.887700,-1.536500,53.151901,122,128,137,chair,1
7.889500,-1.548400,53.154499,45,44,80,chair,1
7.890300,-1.561100,53.154800,41,44,82,chair,1
7.870000,-1.584800,53.147999,170,194,194,chair,1
7.897500,-1.620700,53.153900,120,137,141,chair,1
7.896900,-1.641100,53.153999,123,138,147,chair,1
7.895800,-1.664800,53.154202,105,124,134,chair,1
7.941900,-1.690000,53.147202,61,87,98,chair,1
7.937900,-1.699500,53.144299,94,122,124,chair,1
7.931500,-1.718600,53.145302,93,120,120,chair,1
7.929200,-1.745200,53.149101,75,108,112,chair,1
7.871800,-1.756300,53.147598,171,192,191,chair,1
7.885400,-1.788900,53.152302,130,143,144,chair,1
7.880900,-1.812000,53.149502,135,146,146,chair,1
8.444700,-1.595000,52.927101,63,49,78,chair,2
8.440000,-1.618800,52.926300,59,45,69,chair,2
8.437300,-1.632300,52.924999,65,43,73,chair,2
8.430500,-1.663400,52.927101,62,54,73,chair,2
8.430200,-1.676500,52.927399,62,57,74,chair,2
8.429300,-1.699700,52.928501,63,52,77,chair,2
8.431500,-1.718900,52.930000,65,51,70,chair,2
8.433800,-1.734700,52.931499,67,48,61,chair,2
8.437700,-1.755700,52.930599,62,53,75,chair,2
8.444500,-1.774600,52.930599,68,55,72,chair,2
8.450400,-1.794100,52.931900,72,60,75,chair,2
8.452400,-1.810700,52.931499,74,57,68,chair,2
8.453200,-1.828900,52.930401,73,47,61,chair,2
8.452100,-1.832600,52.931702,72,45,62,chair,2
8.454000,-1.856900,52.931301,72,45,62,chair,2
8.453500,-1.883100,52.931801,73,46,54,chair,2
8.453100,-1.895600,52.932301,73,45,54,chair,2
8.453500,-1.908900,52.921299,125,108,112,chair,2
8.453500,-1.932300,52.933701,74,45,54,chair,2
8.869300,-1.962000,52.881100,119,67,58,chair,2
8.442400,-1.617300,52.906700,64,49,71,chair,2
8.436600,-1.644700,52.906799,71,50,72,chair,2
8.433900,-1.664100,52.907398,82,62,76,chair,2
8.433300,-1.678100,52.908001,113,97,100,chair,2
8.435000,-1.698100,52.907299,83,56,74,chair,2
8.437000,-1.715600,52.906601,107,93,95,chair,2
8.440700,-1.739000,52.906601,79,62,75,chair,2
8.445100,-1.755600,52.905102,103,93,98,chair,2
8.449700,-1.774100,52.908600,80,58,72,chair,2
8.454700,-1.794900,52.907001,96,60,72,chair,2
8.455900,-1.808800,52.904598,115,102,102,chair,2
8.456100,-1.821900,52.905102,121,106,108,chair,2
8.455800,-1.843400,52.904499,127,113,121,chair,2
8.455600,-1.867500,52.904400,88,62,74,chair,2
8.456300,-1.882500,52.905899,142,133,134,chair,2
8.455700,-1.901600,52.913601,82,56,65,chair,2
8.454900,-1.915500,52.916100,81,53,65,chair,2
8.928500,-1.948200,52.857899,120,79,68,chair,2
8.926000,-1.958200,52.859001,175,116,87,chair,2
8.899900,-1.964700,52.865002,180,140,112,chair,2
8.327500,-1.979000,52.927700,88,68,83,chair,2
8.439800,-1.630000,52.896301,76,58,77,chair,2
8.434900,-1.663100,52.901199,115,103,103,chair,2
8.435500,-1.677700,52.897202,92,60,72,chair,2
8.435400,-1.686800,52.903301,93,63,73,chair,2
8.440000,-1.721300,52.899502,82,53,74,chair,2
8.441400,-1.736200,52.900501,80,62,76,chair,2
8.447800,-1.758700,52.899799,121,103,103,chair,2
8.418400,-1.768800,52.894100,115,88,91,chair,2
8.455200,-1.791700,52.901299,98,60,75,chair,2
8.454900,-1.811600,52.898899,113,83,88,chair,2
8.455300,-1.829700,52.901699,114,86,86,chair,2
8.453200,-1.838500,52.899101,98,71,74,chair,2
8.456000,-1.850600,52.901600,96,61,73,chair,2
8.335600,-1.865100,52.913601,76,49,58,chair,2
8.331900,-1.884000,52.914001,78,49,60,chair,2
8.963500,-1.934200,52.841000,204,156,130,chair,2
8.975300,-1.942700,52.838799,118,91,94,chair,2
8.998300,-1.959200,52.836498,178,135,104,chair,2
9.003900,-1.977200,52.838600,111,90,91,chair,2
9.004600,-1.990500,52.842098,98,53,48,chair,2
9.101800,-1.301300,52.825500,208,170,149,chair,2
9.056500,-1.313800,52.828602,94,64,53,chair,2
9.053100,-1.332300,52.825001,91,62,59,chair,2
8.938800,-1.300500,52.848801,161,157,157,chair,2
8.874500,-1.300500,52.852501,165,163,163,chair,2
8.824300,-1.300900,52.855301,153,140,121,chair,2
8.756400,-1.299300,52.859600,136,132,107,chair,2
8.336400,-1.623400,52.879002,129,119,118,chair,2
8.424400,-1.654800,52.888500,93,61,77,chair,2
8.385700,-1.667700,52.873699,98,71,82,chair,2
8.387100,-1.695600,52.882500,73,50,68,chair,2
8.386900,-1.698700,52.882500,74,54,70,chair,2
8.389300,-1.717600,52.888401,75,59,72,chair,2
8.300100,-1.728000,52.888599,108,98,99,chair,2
8.295300,-1.751600,52.890301,104,88,96,chair,2
8.290000,-1.773100,52.886200,125,113,110,chair,2
8.284400,-1.790800,52.884998,124,114,115,chair,2
8.282500,-1.818000,52.882599,215,160,144,chair,2
8.982100,-1.875600,52.825802,85,45,48,chair,2
8.977400,-1.883600,52.825802,77,42,44,chair,2
8.994300,-1.899500,52.822701,75,58,73,chair,2
8.998700,-1.917900,52.822601,99,73,83,chair,2
9.001200,-1.936200,52.827000,92,64,72,chair,2
9.004600,-1.941400,52.823299,88,66,83,chair,2
9.006800,-1.964700,52.827599,95,77,88,chair,2
9.006300,-1.972400,52.829700,147,101,81,chair,2
9.010400,-1.993500,52.828701,119,85,66,chair,2
9.101900,-1.301600,52.814098,200,168,147,chair,2
9.050400,-1.301800,52.810799,83,62,71,chair,2
9.061700,-1.333400,52.813000,116,73,68,chair,2
9.058400,-1.348100,52.811001,116,69,66,chair,2
9.056200,-1.358000,52.809601,110,71,69,chair,2
9.052600,-1.378400,52.810101,117,72,68,chair,2
9.051000,-1.388400,52.809101,122,74,70,chair,2
9.044500,-1.398500,52.809502,128,83,72,chair,2
9.038600,-1.409100,52.810001,111,86,78,chair,2
8.326000,-1.605600,52.877201,121,107,102,chair,2
8.298000,-1.629800,52.880299,85,75,79,chair,2
8.956200,-1.716200,52.819698,121,100,92,chair,2
8.387800,-1.667700,52.858101,86,55,75,chair,2
8.388500,-1.696400,52.855400,75,55,68,chair,2
8.389800,-1.705300,52.855999,75,55,71,chair,2
8.389200,-1.716900,52.858898,75,56,80,chair,2
8.975200,-1.814400,52.810600,99,74,70,chair,2
8.981700,-1.829900,52.811501,112,93,94,chair,2
8.987500,-1.844900,52.810398,126,113,107,chair,2
8.989800,-1.857300,52.810398,93,57,67,chair,2
8.975400,-1.871100,52.823200,80,44,45,chair,2
8.969700,-1.890400,52.812000,94,49,60,chair,2
8.975200,-1.901700,52.809799,95,50,56,chair,2
8.999300,-1.920200,52.820000,93,68,82,chair,2
9.000400,-1.932200,52.810501,152,134,98,chair,2
9.004800,-1.947600,52.818401,136,104,80,chair,2
9.004900,-1.962600,52.820400,129,97,72,chair,2
8.999300,-1.972900,52.821400,92,59,61,chair,2
8.794700,-1.981200,52.829601,86,65,66,chair,2
9.099900,-1.301600,52.792801,168,147,129,chair,2
9.056300,-1.316400,52.803799,91,66,64,chair,2
9.054600,-1.332400,52.800800,101,68,66,chair,2
9.051900,-1.344600,52.798199,99,63,62,chair,2
9.056400,-1.360000,52.808201,127,87,79,chair,2
9.053300,-1.375500,52.807800,120,73,68,chair,2
9.052200,-1.389100,52.795502,128,84,69,chair,2
9.049300,-1.407100,52.796600,126,82,68,chair,2
9.046200,-1.421700,52.796200,141,88,72,chair,2
9.042900,-1.437100,52.795502,133,80,69,chair,2
9.041400,-1.441800,52.794601,132,79,67,chair,2
9.037300,-1.459300,52.794800,124,80,64,chair,2
9.032000,-1.472300,52.794998,117,79,65,chair,2
9.024800,-1.485300,52.795502,117,77,71,chair,2
8.163200,-1.309100,52.874901,71,56,73,chair,2
8.275200,-1.357500,52.864101,85,75,79,chair,2
8.985900,-1.711400,52.794601,94,58,66,chair,2
8.988500,-1.716600,52.794399,80,61,63,chair,2
8.796400,-1.720300,52.808201,85,64,57,chair,2
8.957800,-1.742000,52.797401,91,60,56,chair,2
8.969900,-1.769600,52.795101,84,73,74,chair,2
8.972100,-1.776100,52.797699,93,61,60,chair,2
8.972700,-1.799100,52.795101,88,62,63,chair,2
8.976900,-1.816100,52.808300,110,84,80,chair,2
8.983100,-1.826900,52.794800,173,155,120,chair,2
8.984100,-1.839500,52.793598,122,92,64,chair,2
8.989100,-1.861600,52.798401,139,112,88,chair,2
8.990400,-1.866200,52.800098,156,137,113,chair,2
8.993000,-1.879500,52.803600,164,152,124,chair,2
8.994300,-1.897100,52.806198,134,112,87,chair,2
8.993300,-1.908700,52.807201,94,50,42,chair,2
8.755700,-1.914200,52.816200,107,81,76,chair,2
9.057700,-1.977300,52.790001,126,95,79,chair,2
9.060000,-1.991100,52.790699,125,99,78,chair,2
8.993900,-1.299700,52.793598,123,97,82,chair,2
8.938400,-1.299900,52.801102,131,114,96,chair,2
9.052100,-1.355200,52.792400,97,68,68,chair,2
9.047300,-1.375200,52.783100,94,63,65,chair,2
9.045100,-1.384700,52.784100,94,61,70,chair,2
9.043600,-1.394100,52.782501,98,64,66,chair,2
9.047000,-1.419000,52.792198,134,85,71,chair,2
9.044800,-1.433200,52.785198,134,88,69,chair,2
9.043000,-1.448000,52.781200,134,88,71,chair,2
9.038700,-1.464600,52.778801,137,95,71,chair,2
9.035800,-1.480400,52.781700,127,84,64,chair,2
9.033300,-1.491300,52.786499,124,80,65,chair,2
9.030200,-1.505200,52.778900,146,97,81,chair,2
9.022200,-1.518600,52.787601,119,85,75,chair,2
9.008200,-1.530700,52.779999,96,71,70,chair,2
8.997400,-1.695700,52.779499,94,74,69,chair,2
9.010500,-1.713100,52.779400,101,58,58,chair,2
9.011000,-1.719600,52.779900,128,94,82,chair,2
8.964800,-1.738900,52.784100,73,40,52,chair,2
8.971700,-1.756700,52.785702,82,44,63,chair,2
8.973600,-1.770100,52.786999,82,57,62,chair,2
8.974000,-1.781600,52.790798,80,51,61,chair,2
8.971400,-1.788200,52.791401,96,63,66,chair,2
8.975800,-1.816100,52.789200,100,60,42,chair,2
8.981600,-1.831100,52.791401,132,102,75,chair,2
9.031300,-1.837000,52.775799,113,77,79,chair,2
8.982700,-1.855000,52.792301,100,55,54,chair,2
9.032700,-1.876900,52.782501,219,157,126,chair,2
9.043200,-1.905600,52.774799,110,66,55,chair,2
9.045800,-1.920100,52.777599,104,66,42,chair,2
9.045900,-1.926300,52.778301,99,51,36,chair,2
9.052000,-1.943000,52.781601,129,103,75,chair,2
9.054800,-1.961900,52.786301,138,114,82,chair,2
9.053700,-1.967100,52.786598,109,64,44,chair,2
9.058600,-1.984400,52.787998,125,97,66,chair,2
9.040700,-1.403600,52.778400,87,54,61,chair,2
9.040200,-1.407300,52.775299,85,53,60,chair,2
9.029200,-1.426000,52.770302,91,60,64,chair,2
9.041000,-1.449500,52.777100,135,90,73,chair,2
9.037500,-1.463800,52.771999,135,90,75,chair,2
9.040200,-1.474400,52.768101,126,90,72,chair,2
9.036100,-1.482600,52.776798,133,86,67,chair,2
9.030700,-1.504500,52.773399,146,100,85,chair,2
9.023500,-1.510000,52.768902,140,97,81,chair,2
9.019900,-1.537800,52.766602,91,57,64,chair,2
9.019800,-1.548500,52.767700,103,64,62,chair,2
9.018100,-1.558200,52.765499,125,77,71,chair,2
9.009700,-1.567300,52.767899,109,75,66,chair,2
8.995500,-1.582100,52.765800,145,131,123,chair,2
8.686400,-1.550400,52.782600,90,57,57,chair,2
9.015500,-1.702200,52.767399,97,77,79,chair,2
9.021400,-1.708800,52.765999,102,73,73,chair,2
9.021700,-1.717900,52.767502,115,79,73,chair,2
8.958100,-1.729400,52.778999,113,71,62,chair,2
8.962500,-1.755000,52.773499,108,60,68,chair,2
8.970400,-1.766000,52.779202,79,52,67,chair,2
9.018800,-1.782500,52.762501,99,61,57,chair,2
8.751500,-1.769900,52.789902,114,73,72,chair,2
8.729200,-1.785700,52.793598,173,143,130,chair,2
9.030500,-1.823200,52.771599,111,85,91,chair,2
9.038300,-1.849700,52.762901,150,124,100,chair,2
9.035000,-1.864300,52.763599,104,60,63,chair,2
9.040300,-1.879000,52.768799,122,90,75,chair,2
9.043200,-1.886300,52.773602,163,145,103,chair,2
9.041900,-1.900800,52.773602,99,55,51,chair,2
9.019700,-1.449400,52.760101,90,67,65,chair,2
9.009700,-1.460800,52.760899,94,63,71,chair,2
9.025800,-1.489300,52.762001,115,81,73,chair,2
9.028400,-1.495600,52.758999,110,78,74,chair,2
9.014900,-1.522600,52.757599,96,73,76,chair,2
9.019100,-1.537500,52.759899,78,54,60,chair,2
9.022100,-1.547800,52.759300,120,78,70,chair,2
9.019600,-1.555300,52.760601,125,79,71,chair,2
9.010600,-1.569400,52.763699,110,72,70,chair,2
9.001900,-1.593600,52.760899,110,76,70,chair,2
8.999800,-1.602300,52.760799,103,75,76,chair,2
8.989600,-1.616800,52.752102,103,74,72,chair,2
8.985700,-1.636900,52.753399,91,72,72,chair,2
8.985100,-1.647200,52.750702,93,71,71,chair,2
8.981900,-1.659300,52.750702,84,62,64,chair,2
9.026400,-1.692700,52.748798,169,134,113,chair,2
9.029400,-1.706300,52.755100,101,76,85,chair,2
9.032000,-1.719400,52.752899,185,162,151,chair,2
9.017300,-1.743200,52.750801,108,83,66,chair,2
9.019400,-1.756200,52.752102,99,61,56,chair,2
9.023400,-1.773300,52.757500,117,63,69,chair,2
9.024300,-1.784000,52.759399,105,70,67,chair,2
9.026200,-1.795100,52.753899,167,148,123,chair,2
9.031200,-1.817000,52.758801,151,133,105,chair,2
9.034700,-1.829800,52.759800,157,135,104,chair,2
9.034700,-1.841700,52.760201,109,69,54,chair,2
7.818700,-1.923400,52.807499,165,132,113,chair,2
9.090500,-1.966100,52.743801,116,81,56,chair,2
9.094000,-1.978300,52.744499,135,109,87,chair,2
9.095800,-1.990700,52.748699,117,78,59,chair,2
8.196500,-1.298000,52.773800,91,72,84,chair,2
8.855300,-1.466800,52.757099,67,50,67,chair,2
8.839500,-1.470900,52.745800,131,113,121,chair,2
8.686700,-1.470300,52.756001,128,109,97,chair,2
8.702200,-1.476900,52.764400,79,56,72,chair,2
9.012600,-1.558200,52.747501,140,114,113,chair,2
9.012800,-1.567700,52.747898,97,72,71,chair,2
9.002100,-1.588700,52.748501,116,87,86,chair,2
8.998900,-1.596200,52.746101,106,77,72,chair,2
8.993200,-1.619700,52.741402,97,65,81,chair,2
8.993700,-1.639200,52.736000,67,49,64,chair,2
8.994700,-1.642100,52.738602,62,43,58,chair,2
8.989200,-1.657200,52.744400,93,60,61,chair,2
8.993900,-1.680200,52.741402,58,40,56,chair,2
9.038900,-1.702800,52.740101,103,80,83,chair,2
9.042800,-1.713600,52.738800,104,73,68,chair,2
9.030900,-1.720500,52.745098,128,78,68,chair,2
9.015300,-1.734500,52.746300,98,71,59,chair,2
8.843700,-1.728500,52.745899,148,106,92,chair,2
8.720200,-1.731500,52.758598,99,65,61,chair,2
8.405000,-1.719500,52.763401,93,58,75,chair,2
9.047900,-1.811300,52.738400,117,66,57,chair,2
9.060800,-1.875800,52.731800,86,48,51,chair,2
9.075300,-1.895500,52.732201,137,111,87,chair,2
9.079400,-1.907800,52.736500,142,115,87,chair,2
9.081700,-1.921500,52.737598,137,104,75,chair,2
9.085700,-1.938000,52.741001,144,119,99,chair,2
9.088100,-1.952600,52.742699,133,89,67,chair,2
9.089400,-1.958700,52.743099,129,96,75,chair,2
9.088100,-1.971600,52.743000,96,52,58,chair,2
7.842600,-1.987800,52.805401,138,103,86,chair,2
8.844000,-1.473400,52.733700,140,126,137,chair,2
7.913400,-1.298800,52.770100,105,109,103,chair,2
7.795600,-1.297300,52.777302,160,182,171,chair,2
8.681200,-1.504700,52.748001,146,133,117,chair,2
7.767000,-1.357400,52.770901,95,77,82,chair,2
7.774300,-1.381500,52.766998,70,55,85,chair,2
8.703100,-1.554200,52.745998,95,86,78,chair,2
8.696200,-1.567400,52.741100,170,157,133,chair,2
8.980000,-1.625100,52.731998,83,66,70,chair,2
8.994100,-1.648200,52.732800,84,63,68,chair,2
8.986600,-1.667400,52.731300,66,51,60,chair,2
8.983500,-1.672700,52.729099,62,48,68,chair,2
9.045900,-1.698500,52.722900,101,81,69,chair,2
9.051700,-1.707000,52.717701,83,52,54,chair,2
9.047200,-1.721800,52.726101,206,176,153,chair,2
8.931700,-1.727500,52.731800,186,155,132,chair,2
9.048000,-1.762500,52.720699,106,63,55,chair,2
9.051200,-1.776300,52.717300,112,60,62,chair,2
9.053700,-1.790400,52.720200,123,85,72,chair,2
9.054900,-1.798700,52.720100,134,101,85,chair,2
9.062800,-1.823400,52.721298,152,134,103,chair,2
9.067900,-1.835600,52.726002,177,158,128,chair,2
9.065100,-1.847900,52.722500,109,55,44,chair,2
9.067700,-1.858400,52.725300,106,48,41,chair,2
9.073600,-1.879000,52.728298,157,137,111,chair,2
9.073700,-1.881400,52.728901,153,129,108,chair,2
7.853300,-1.874400,52.762001,98,75,83,chair,2
7.855600,-1.887300,52.762699,98,76,84,chair,2
7.853500,-1.925700,52.763599,96,79,76,chair,2
7.848800,-1.930400,52.769299,109,80,94,chair,2
7.851900,-1.959400,52.783798,72,63,70,chair,2
9.122200,-1.994800,52.720200,149,107,93,chair,2
7.796900,-1.298400,52.755699,160,179,169,chair,2
7.764600,-1.333300,52.764000,111,112,110,chair,2
7.772200,-1.358900,52.758900,71,58,81,chair,2
7.780000,-1.386200,52.749298,70,58,78,chair,2
7.792600,-1.396300,52.758598,75,57,81,chair,2
7.790500,-1.427500,52.743900,72,59,74,chair,2
7.795600,-1.447800,52.751301,101,77,80,chair,2
7.806500,-1.460500,52.756401,95,93,102,chair,2
8.982100,-1.653300,52.718899,158,135,116,chair,2
7.797700,-1.503400,52.743099,103,76,73,chair,2
9.058000,-1.706700,52.704300,94,55,61,chair,2
9.060000,-1.709000,52.703999,86,51,54,chair,2
9.044700,-1.725400,52.716400,181,143,119,chair,2
9.042100,-1.739900,52.706699,163,144,113,chair,2
9.045900,-1.754500,52.709900,179,159,127,chair,2
8.712900,-1.732100,52.715401,103,72,79,chair,2
9.050100,-1.784500,52.715302,145,105,87,chair,2
7.915100,-1.705600,52.739201,142,134,145,chair,2
7.863900,-1.755200,52.740002,112,95,89,chair,2
7.861600,-1.788800,52.740700,73,81,98,chair,2
7.869500,-1.818100,52.741100,71,57,78,chair,2
7.868700,-1.837100,52.743900,80,58,75,chair,2
7.866800,-1.855900,52.746399,82,57,74,chair,2
7.864200,-1.865200,52.750099,88,65,61,chair,2
7.861600,-1.887100,52.754799,82,71,66,chair,2
7.854600,-1.915900,52.760899,98,80,78,chair,2
9.143400,-1.957900,52.699902,116,96,88,chair,2
9.146600,-1.975700,52.702000,221,200,165,chair,2
9.148200,-1.988100,52.701599,133,109,103,chair,2
7.545800,-1.297800,52.734001,144,133,111,chair,2
7.405800,-1.297400,52.742500,180,188,170,chair,2
7.971900,-1.457800,52.720200,81,69,79,chair,2
7.973900,-1.463500,52.718899,82,66,76,chair,2
7.867800,-1.468600,52.722198,183,177,161,chair,2
7.809400,-1.498900,52.729500,65,54,77,chair,2
7.808000,-1.505100,52.728802,66,61,81,chair,2
9.063100,-1.700700,52.690102,80,57,64,chair,2
9.069200,-1.713900,52.690300,91,51,53,chair,2
9.036200,-1.721700,52.702801,108,53,45,chair,2
8.875600,-1.722000,52.693199,167,144,119,chair,2
8.801700,-1.728600,52.704800,200,147,121,chair,2
8.721200,-1.732700,52.698002,106,72,76,chair,2
8.411500,-1.724500,52.709000,79,59,71,chair,2
8.035900,-1.706500,52.714298,91,64,71,chair,2
9.074500,-1.816400,52.688301,205,145,118,chair,2
9.086300,-1.831700,52.688900,100,55,55,chair,2
9.089700,-1.848200,52.690498,126,76,80,chair,2
9.094500,-1.867400,52.693501,86,57,51,chair,2
7.869100,-1.811000,52.730701,66,51,74,chair,2
7.864500,-1.832500,52.730099,221,199,186,chair,2
9.097700,-1.908100,52.687000,99,57,53,chair,2
9.104300,-1.921300,52.687901,132,95,80,chair,2
9.107100,-1.926200,52.691101,175,142,130,chair,2
9.145400,-1.953200,52.685699,109,60,56,chair,2
9.149200,-1.956900,52.688301,139,114,93,chair,2
9.148700,-1.972800,52.698898,129,103,91,chair,2
9.119600,-1.991500,52.698601,108,60,44,chair,2
8.147100,-1.431000,52.694401,57,42,58,chair,2
8.140900,-1.449900,52.691799,80,54,62,chair,2
8.126300,-1.472800,52.692600,73,57,67,chair,2
8.135100,-1.493200,52.699100,171,167,145,chair,2
8.100100,-1.536400,52.695301,165,165,155,chair,2
7.785400,-1.521000,52.719299,225,183,165,chair,2
9.078300,-1.704800,52.673599,97,75,73,chair,2
9.078900,-1.714500,52.676399,86,69,63,chair,2
9.055700,-1.733200,52.676300,122,94,88,chair,2
9.066100,-1.751300,52.675598,105,66,66,chair,2
9.066800,-1.765700,52.679901,103,64,67,chair,2
9.073900,-1.780800,52.676601,115,62,60,chair,2
9.077300,-1.795800,52.676701,99,58,69,chair,2
9.079700,-1.802300,52.677700,107,64,58,chair,2
9.082400,-1.813200,52.679501,105,68,67,chair,2
9.075500,-1.830300,52.676899,105,58,57,chair,2
9.082000,-1.853000,52.677502,115,63,58,chair,2
9.149500,-1.864200,52.673100,102,74,67,chair,2
9.150000,-1.871400,52.671902,98,59,63,chair,2
9.152100,-1.898800,52.678501,97,73,70,chair,2
9.151800,-1.909100,52.678501,137,112,95,chair,2
9.141800,-1.925900,52.678699,115,62,48,chair,2
9.144400,-1.936000,52.674900,119,60,51,chair,2
9.148700,-1.949300,52.685299,117,71,53,chair,2
7.755800,-1.929700,52.699699,219,227,210,chair,2
7.753100,-1.953100,52.704102,218,226,210,chair,2
7.748000,-1.972700,52.705399,160,151,136,chair,2
8.150700,-1.453900,52.676701,89,81,85,chair,2
8.143000,-1.480600,52.671600,93,79,79,chair,2
8.134300,-1.499900,52.675499,115,98,94,chair,2
8.113200,-1.518200,52.675900,68,54,76,chair,2
8.109600,-1.540700,52.679100,84,57,78,chair,2
9.090500,-1.697100,52.659100,91,75,74,chair,2
9.096300,-1.708400,52.659100,87,48,59,chair,2
9.094800,-1.716000,52.660900,126,82,71,chair,2
9.064100,-1.737200,52.669998,114,68,64,chair,2
9.065400,-1.740100,52.672501,71,33,42,chair,2
9.069100,-1.764900,52.672199,114,64,61,chair,2
8.732700,-1.733200,52.668900,105,72,63,chair,2
8.418300,-1.722200,52.671700,93,66,82,chair,2
8.110600,-1.711300,52.671501,72,59,61,chair,2
9.152200,-1.829300,52.662701,100,80,93,chair,2
9.148800,-1.835400,52.665699,117,62,60,chair,2
9.153100,-1.854600,52.668400,112,87,90,chair,2
9.153400,-1.860600,52.658298,178,157,124,chair,2
9.151400,-1.876500,52.669998,103,64,68,chair,2
7.786700,-1.831700,52.679100,69,58,59,chair,2
7.777900,-1.846600,52.696701,106,75,74,chair,2
7.769700,-1.861800,52.686100,118,73,64,chair,2
7.765400,-1.884200,52.693298,132,98,75,chair,2
7.759300,-1.907500,52.696301,219,213,216,chair,2
7.754400,-1.933000,52.697201,96,60,44,chair,2
7.664900,-1.954200,52.682301,169,128,112,chair,2
7.683100,-1.991800,52.677101,228,230,216,chair,2
8.142900,-1.482400,52.668499,79,62,62,chair,2
8.139600,-1.492800,52.670898,104,92,86,chair,2
8.123300,-1.526200,52.665901,109,96,98,chair,2
8.125500,-1.539300,52.656898,104,86,89,chair,2
9.132400,-1.702100,52.644901,99,75,83,chair,2
9.139100,-1.703900,52.646500,103,75,64,chair,2
9.126300,-1.716800,52.646000,151,108,78,chair,2
9.028900,-1.720900,52.651798,118,59,47,chair,2
8.875400,-1.719700,52.649200,155,135,120,chair,2
8.808000,-1.724600,52.648300,107,68,65,chair,2
8.737500,-1.733700,52.654099,170,147,122,chair,2
9.140100,-1.801200,52.645699,96,54,54,chair,2
9.150800,-1.816100,52.645302,106,56,27,chair,2
9.154100,-1.821700,52.657501,87,46,46,chair,2
9.154300,-1.841300,52.651901,169,146,110,chair,2
9.153600,-1.844500,52.653801,179,152,131,chair,2
9.150700,-1.858100,52.655701,105,44,21,chair,2
9.104800,-1.878300,52.646301,127,85,82,chair,2
7.744500,-1.832000,52.654099,143,111,81,chair,2
9.120400,-1.899000,52.648998,188,165,137,chair,2
7.734300,-1.874400,52.656502,212,216,204,chair,2
7.730800,-1.898000,52.655102,214,218,204,chair,2
7.728700,-1.907200,52.656101,216,219,214,chair,2
7.724100,-1.929200,52.658699,219,227,209,chair,2
9.130000,-1.973000,52.649300,110,82,76,chair,2
9.136500,-1.994100,52.645302,118,79,75,chair,2
8.120700,-1.490700,52.651001,90,86,101,chair,2
8.113000,-1.524400,52.648499,50,50,62,chair,2
8.120700,-1.543300,52.650501,66,47,60,chair,2
9.158400,-1.702400,52.632900,95,76,88,chair,2
9.156900,-1.711900,52.636299,97,60,53,chair,2
9.141500,-1.718500,52.639702,95,50,41,chair,2
9.154100,-1.738800,52.631500,113,69,54,chair,2
9.142000,-1.758200,52.632801,114,66,66,chair,2
9.151700,-1.769200,52.632801,204,175,159,chair,2
9.152500,-1.788100,52.631802,204,176,155,chair,2
9.152900,-1.797800,52.639000,194,160,121,chair,2
9.153500,-1.804200,52.641998,214,177,152,chair,2
9.147300,-1.818200,52.644100,100,55,48,chair,2
9.100000,-1.837800,52.642899,107,75,72,chair,2
9.107500,-1.847900,52.631699,105,61,53,chair,2
9.107500,-1.855600,52.631500,132,98,91,chair,2
9.111900,-1.878700,52.632999,148,113,83,chair,2
9.113400,-1.891400,52.635300,157,132,92,chair,2
9.118100,-1.908900,52.637402,184,153,125,chair,2
9.120500,-1.918300,52.638500,147,123,86,chair,2
9.123700,-1.938900,52.639099,124,89,65,chair,2
9.127000,-1.950900,52.639198,96,58,56,chair,2
9.128200,-1.960400,52.639900,95,51,55,chair,2
9.162700,-1.690700,52.619400,70,40,71,chair,2
9.166600,-1.704700,52.619099,95,52,56,chair,2
9.165000,-1.718800,52.618198,180,153,112,chair,2
9.147900,-1.724300,52.618999,99,55,58,chair,2
9.148800,-1.740600,52.623901,97,56,52,chair,2
9.152100,-1.757700,52.629200,113,79,67,chair,2
9.081300,-1.765300,52.627201,103,52,61,chair,2
9.085400,-1.782100,52.627102,100,52,57,chair,2
9.089800,-1.792900,52.628399,98,56,59,chair,2
9.097300,-1.811500,52.628700,96,56,56,chair,2
9.098600,-1.816200,52.629601,95,52,55,chair,2
9.104800,-1.840400,52.629002,106,57,59,chair,2
9.103800,-1.853100,52.629299,96,47,50,chair,2
9.108200,-1.868800,52.630100,98,63,44,chair,2
9.108200,-1.875000,52.630402,86,41,30,chair,2
7.707400,-1.895100,52.609501,214,214,203,chair,2
7.704900,-1.905800,52.608898,223,225,212,chair,2
7.698300,-1.933800,52.612301,85,51,58,chair,2
7.693600,-1.952700,52.610298,227,211,210,chair,2
7.688200,-1.976000,52.615898,222,216,194,chair,2
9.163600,-1.691000,52.614399,74,47,57,chair,2
9.169800,-1.705000,52.604301,91,59,53,chair,2
9.171100,-1.716000,52.611698,182,141,112,chair,2
9.130400,-1.717300,52.612598,146,90,67,chair,2
9.035600,-1.720500,52.604599,127,67,52,chair,2
9.148500,-1.750200,52.607399,101,55,45,chair,2
8.790200,-1.723200,52.614201,196,136,110,chair,2
8.741200,-1.734900,52.599400,107,67,58,chair,2
8.440200,-1.725800,52.610001,117,75,69,chair,2
8.123600,-1.714100,52.590199,90,62,67,chair,2
7.825100,-1.709100,52.605202,222,168,146,chair,2
7.746200,-1.728100,52.592602,108,93,86,chair,2
7.736700,-1.749800,52.598900,123,94,84,chair,2
7.729900,-1.778200,52.602699,103,78,86,chair,2
7.727100,-1.810100,52.599602,109,73,71,chair,2
7.727000,-1.819100,52.601898,118,78,64,chair,2
7.722900,-1.836600,52.601700,116,74,65,chair,2
7.716900,-1.859200,52.601799,103,76,57,chair,2
7.708000,-1.891900,52.606499,222,214,207,chair,2
7.704500,-1.904100,52.605202,135,121,98,chair,2
7.698300,-1.928300,52.607601,97,57,64,chair,2
7.687500,-1.952700,52.606201,117,88,73,chair,2
9.162200,-1.690900,52.599701,85,65,61,chair,2
9.165600,-1.702100,52.597000,104,71,68,chair,2
9.174800,-1.716500,52.599499,187,161,125,chair,2
9.159300,-1.731000,52.598202,198,169,138,chair,2
9.145700,-1.736100,52.599098,103,57,57,chair,2
8.867500,-1.715000,52.588402,109,62,61,chair,2
9.088900,-1.757500,52.588799,108,65,62,chair,2
9.084900,-1.775700,52.589401,165,136,122,chair,2
8.433300,-1.723700,52.581100,102,63,70,chair,2
8.123900,-1.717500,52.577999,180,157,131,chair,2
7.804600,-1.708700,52.578899,119,95,88,chair,2
9.106300,-1.836700,52.590599,111,57,61,chair,2
9.109200,-1.847700,52.590401,113,61,63,chair,2
9.112200,-1.858700,52.590199,92,57,63,chair,2
9.114300,-1.875400,52.590302,96,86,88,chair,2
9.116800,-1.892200,52.592999,115,73,66,chair,2
9.118300,-1.902000,52.589600,111,87,79,chair,2
9.123100,-1.914000,52.589001,102,55,58,chair,2
9.139200,-1.934300,52.591400,103,59,63,chair,2
9.132100,-1.947900,52.590302,118,71,60,chair,2
9.133500,-1.964600,52.591000,107,85,79,chair,2
9.136100,-1.974100,52.592499,131,73,63,chair,2
7.670400,-1.992700,52.561901,214,207,189,chair,2
9.164000,-1.703600,52.585300,149,110,78,chair,2
9.170300,-1.715700,52.589199,174,141,109,chair,2
9.154800,-1.730500,52.587299,146,90,68,chair,2
9.154900,-1.746600,52.579201,198,172,141,chair,2
9.155700,-1.757700,52.577801,193,165,127,chair,2
9.155300,-1.774000,52.576500,158,125,93,chair,2
9.148700,-1.777800,52.575500,126,81,67,chair,2
9.097600,-1.794100,52.579800,100,52,56,chair,2
9.156700,-1.811800,52.580399,109,60,53,chair,2
9.156100,-1.821800,52.579899,96,56,50,chair,2
9.157100,-1.834400,52.577301,105,55,47,chair,2
9.112200,-1.850500,52.581299,100,55,58,chair,2
9.113800,-1.859100,52.582802,118,76,76,chair,2
9.116600,-1.872700,52.582600,98,65,80,chair,2
9.119500,-1.896600,52.582401,123,91,86,chair,2
9.123400,-1.906200,52.586102,105,59,68,chair,2
9.126100,-1.923800,52.582100,201,161,132,chair,2
9.126600,-1.932200,52.588299,92,58,60,chair,2
9.131100,-1.947900,52.584202,206,177,142,chair,2
9.140300,-1.959400,52.589199,103,61,60,chair,2
9.140500,-1.977700,52.583698,255,233,187,chair,2
9.141200,-1.989400,52.587002,101,64,64,chair,2
9.141200,-1.700900,52.573002,124,79,60,chair,2
9.153200,-1.713000,52.575199,130,81,64,chair,2
9.131300,-1.717500,52.566399,136,80,61,chair,2
9.074400,-1.734400,52.569801,103,63,63,chair,2
8.865300,-1.715400,52.553501,143,118,106,chair,2
9.152900,-1.774900,52.575401,122,70,44,chair,2
9.154300,-1.787600,52.572800,137,78,52,chair,2
9.156900,-1.801400,52.570301,160,129,89,chair,2
9.158900,-1.815900,52.566002,182,157,118,chair,2
9.160100,-1.830100,52.562500,182,151,120,chair,2
9.158000,-1.834200,52.575001,113,60,49,chair,2
9.158700,-1.856600,52.569599,127,67,56,chair,2
9.161400,-1.869200,52.565498,118,65,53,chair,2
9.156900,-1.878600,52.565201,103,53,56,chair,2
9.155400,-1.886900,52.563400,207,139,109,chair,2
7.691400,-1.876900,52.523899,120,96,94,chair,2
7.688700,-1.890700,52.523201,133,101,105,chair,2
7.643400,-1.916700,52.535099,216,196,182,chair,2
7.642100,-1.932100,52.532600,230,209,193,chair,2
7.671300,-1.969300,52.522202,140,103,107,chair,2
9.038300,-1.980800,52.566799,166,92,63,chair,2
9.106500,-1.697400,52.556900,120,77,57,chair,2
9.119400,-1.714600,52.559399,133,80,65,chair,2
9.122700,-1.717700,52.560299,145,84,58,chair,2
9.048600,-1.722200,52.555698,151,81,61,chair,2
8.849400,-1.717900,52.548599,121,64,53,chair,2
8.799600,-1.725700,52.537102,119,69,57,chair,2
8.745900,-1.734500,52.540501,115,85,71,chair,2
8.441100,-1.721900,52.530102,129,99,93,chair,2
8.116300,-1.716400,52.524799,98,70,68,chair,2
9.155800,-1.825900,52.561600,126,69,58,chair,2
9.161600,-1.842300,52.560001,178,155,128,chair,2
9.159900,-1.849900,52.557400,142,112,78,chair,2
9.158700,-1.867000,52.552799,136,94,65,chair,2
9.157100,-1.876700,52.550499,111,69,42,chair,2
9.157600,-1.892100,52.548801,118,68,43,chair,2
9.152400,-1.901200,52.548500,116,69,58,chair,2
7.704900,-1.863900,52.507900,213,203,184,chair,2
7.696600,-1.888600,52.509300,209,203,191,chair,2
7.691900,-1.904200,52.507900,225,216,199,chair,2
7.688700,-1.930800,52.505901,229,215,201,chair,2
7.679000,-1.952800,52.505402,159,132,120,chair,2
7.674000,-1.974800,52.508202,225,211,191,chair,2
9.080200,-1.694100,52.536598,132,102,90,chair,2
9.099400,-1.711600,52.542198,119,74,58,chair,2
9.099400,-1.719300,52.542400,130,77,63,chair,2
9.072200,-1.737800,52.536999,116,74,59,chair,2
9.069000,-1.746000,52.540298,92,53,55,chair,2
9.079000,-1.765800,52.536598,129,74,64,chair,2
9.081300,-1.779500,52.539299,113,63,54,chair,2
9.087500,-1.796700,52.533798,134,86,70,chair,2
9.086900,-1.805700,52.539200,95,57,60,chair,2
9.093800,-1.821600,52.538700,124,72,70,chair,2
9.098400,-1.833100,52.533298,142,89,76,chair,2
9.101400,-1.844100,52.533199,144,89,82,chair,2
9.107400,-1.863500,52.535301,108,78,69,chair,2
9.108400,-1.876800,52.535301,97,60,70,chair,2
9.158700,-1.890900,52.548500,140,106,75,chair,2
9.158300,-1.901400,52.547001,129,86,57,chair,2
9.160400,-1.920800,52.543098,166,133,98,chair,2
9.161700,-1.938600,52.540100,164,131,95,chair,2
9.160100,-1.943200,52.537998,135,91,57,chair,2
9.161600,-1.954700,52.535599,170,136,101,chair,2
9.127400,-1.978300,52.536598,166,133,104,chair,2
9.124900,-1.985800,52.535000,126,77,59,chair,2
9.077200,-1.707000,52.516499,93,59,64,chair,2
9.087700,-1.720100,52.519402,114,63,49,chair,2
9.040900,-1.721300,52.527599,123,63,56,chair,2
8.896300,-1.718300,52.512501,142,85,71,chair,2
8.818400,-1.725400,52.507801,115,66,71,chair,2
8.760000,-1.735600,52.502201,168,128,102,chair,2
8.445000,-1.726100,52.494400,116,88,82,chair,2
8.110000,-1.715500,52.475201,136,113,99,chair,2
9.095600,-1.824600,52.530899,145,100,84,chair,2
9.098900,-1.838400,52.528198,122,73,71,chair,2
9.102100,-1.846900,52.530701,154,100,95,chair,2
7.726200,-1.783400,52.457001,83,37,28,chair,2
9.108800,-1.876900,52.530300,114,87,85,chair,2
9.111600,-1.895600,52.530201,122,90,68,chair,2
9.111200,-1.898200,52.527699,153,114,90,chair,2
9.116900,-1.925100,52.527401,183,134,105,chair,2
9.125100,-1.936400,52.530300,77,65,65,chair,2
9.123900,-1.951700,52.532501,213,187,157,chair,2
9.161200,-1.960100,52.533901,148,117,82,chair,2
9.162300,-1.976500,52.530701,135,102,74,chair,2
9.162400,-1.982600,52.526699,153,126,92,chair,2
7.903100,-1.469500,52.453999,55,43,52,chair,2
7.705200,-1.461900,52.426701,83,69,66,chair,2
7.718200,-1.491200,52.429699,99,79,74,chair,2
9.069400,-1.694600,52.511700,124,93,74,chair,2
9.076400,-1.706800,52.511398,95,60,67,chair,2
9.082400,-1.720600,52.512402,130,74,52,chair,2
9.050800,-1.721600,52.504200,66,31,35,chair,2
8.904400,-1.719700,52.493698,148,92,76,chair,2
8.835400,-1.727300,52.490898,120,74,71,chair,2
8.755900,-1.736100,52.495399,180,127,101,chair,2
8.447700,-1.726700,52.474602,116,83,72,chair,2
8.100000,-1.718500,52.461399,194,127,109,chair,2
7.835000,-1.710900,52.432800,143,124,113,chair,2
7.725400,-1.781200,52.444099,77,42,45,chair,2
7.710100,-1.832900,52.447701,82,44,51,chair,2
7.702900,-1.853900,52.447899,95,56,60,chair,2
7.693100,-1.890200,52.447399,104,63,60,chair,2
7.631200,-1.903600,52.439602,169,112,91,chair,2
9.013200,-1.963900,52.501400,156,87,61,chair,2
9.065400,-1.971800,52.513500,154,86,62,chair,2
8.947700,-1.986100,52.510601,166,106,70,chair,2
7.679600,-1.366100,52.401402,111,100,89,chair,2
7.689400,-1.389800,52.401402,98,79,65,chair,2
7.697200,-1.416300,52.400200,86,66,53,chair,2
7.897400,-1.465800,52.432899,137,124,119,chair,2
7.888000,-1.472700,52.416801,195,144,124,chair,2
7.731300,-1.471700,52.404999,126,115,118,chair,2
9.063200,-1.693300,52.494202,142,109,92,chair,2
9.071800,-1.705900,52.501400,99,61,65,chair,2
9.078700,-1.721300,52.493301,195,163,113,chair,2
9.050600,-1.734400,52.498798,86,51,44,chair,2
9.059000,-1.748600,52.496899,104,61,55,chair,2
9.058500,-1.762000,52.496601,164,133,104,chair,2
9.062900,-1.770700,52.497002,128,95,82,chair,2
8.452200,-1.724600,52.452900,117,84,71,chair,2
9.070400,-1.808100,52.493900,129,75,56,chair,2
9.080000,-1.824500,52.490898,114,69,50,chair,2
9.082500,-1.838100,52.490799,122,69,56,chair,2
9.085200,-1.851800,52.490700,117,70,56,chair,2
9.085700,-1.859500,52.489399,143,93,66,chair,2
7.739500,-1.803000,52.416599,175,160,154,chair,2
7.736000,-1.828700,52.411098,85,59,62,chair,2
7.734600,-1.845200,52.414001,95,65,70,chair,2
7.720700,-1.864200,52.415901,215,163,141,chair,2
7.644800,-1.895700,52.415401,169,123,101,chair,2
9.093700,-1.952300,52.490799,154,82,60,chair,2
7.713800,-1.927100,52.403400,190,170,155,chair,2
9.047700,-1.979700,52.500500,157,81,54,chair,2
8.970600,-1.981100,52.489498,159,100,65,chair,2
7.919000,-1.302300,52.401199,89,79,81,chair,2
7.794900,-1.298100,52.397099,192,147,127,chair,2
7.660300,-1.317900,52.391899,93,69,69,chair,2
7.668500,-1.340600,52.393799,93,71,70,chair,2
7.680600,-1.369200,52.396400,91,74,69,chair,2
7.688400,-1.391800,52.396999,76,55,53,chair,2
7.696100,-1.417100,52.397900,85,63,57,chair,2
7.896700,-1.467900,52.408699,91,68,84,chair,2
9.012400,-1.646800,52.470200,73,43,51,chair,2
7.757600,-1.477500,52.389599,202,153,131,chair,2
9.007600,-1.678300,52.475300,60,35,46,chair,2
9.066100,-1.704700,52.486198,93,58,65,chair,2
9.073800,-1.721000,52.483101,136,71,19,chair,2
9.056700,-1.723500,52.486301,130,82,76,chair,2
9.059900,-1.749000,52.483601,112,59,55,chair,2
9.063500,-1.765600,52.482498,123,69,56,chair,2
9.069900,-1.775800,52.485600,157,90,69,chair,2
9.072800,-1.788500,52.484798,133,79,63,chair,2
9.073700,-1.805700,52.479900,118,68,49,chair,2
9.079200,-1.822000,52.478100,155,120,77,chair,2
9.083800,-1.838200,52.476398,138,88,48,chair,2
9.086500,-1.849000,52.475800,138,88,61,chair,2
9.089000,-1.863000,52.487999,95,62,62,chair,2
9.085300,-1.877900,52.475399,113,72,70,chair,2
9.095800,-1.886100,52.478600,198,162,132,chair,2
9.099500,-1.901500,52.477600,100,52,41,chair,2
7.645500,-1.878100,52.377399,180,123,97,chair,2
7.659500,-1.883400,52.381302,175,119,93,chair,2
9.085500,-1.943200,52.475601,152,82,57,chair,2
9.018300,-1.961200,52.479000,159,94,66,chair,2
9.044600,-1.979100,52.482498,152,85,65,chair,2
7.704100,-1.977500,52.397301,234,220,196,chair,2
9.039800,-1.497200,52.453701,102,65,59,chair,2
8.880600,-1.471900,52.455898,86,56,60,chair,2
8.024600,-1.301400,52.389099,130,86,76,chair,2
9.049200,-1.537300,52.456501,98,67,67,chair,2
9.049200,-1.556600,52.456600,106,72,68,chair,2
9.036400,-1.559800,52.459099,99,52,53,chair,2
9.030400,-1.577500,52.454102,96,60,59,chair,2
9.022300,-1.596000,52.457500,103,67,63,chair,2
9.016100,-1.608500,52.460602,99,66,64,chair,2
9.016200,-1.613400,52.460999,98,66,66,chair,2
9.013100,-1.634900,52.464901,73,50,55,chair,2
9.016300,-1.645000,52.464802,76,46,51,chair,2
9.013900,-1.660700,52.462200,101,64,61,chair,2
9.015500,-1.682800,52.462200,73,47,50,chair,2
9.057800,-1.703000,52.468800,94,57,62,chair,2
9.070800,-1.721000,52.472301,198,150,115,chair,2
9.046400,-1.721100,52.460999,159,93,71,chair,2
9.028800,-1.739100,52.458801,103,48,42,chair,2
8.861700,-1.730600,52.443100,124,64,60,chair,2
8.751200,-1.736800,52.444599,66,43,44,chair,2
8.453700,-1.728700,52.415901,119,83,75,chair,2
8.087300,-1.711100,52.404800,53,41,51,chair,2
7.923600,-1.716300,52.374100,110,73,71,chair,2
7.784500,-1.741900,52.382401,93,69,82,chair,2
9.087200,-1.853200,52.474499,133,82,36,chair,2
9.089000,-1.867900,52.473499,111,62,27,chair,2
9.093100,-1.879800,52.474899,167,137,100,chair,2
9.096000,-1.894700,52.475300,185,143,99,chair,2
9.097700,-1.910200,52.474300,115,66,53,chair,2
9.100700,-1.921500,52.474400,124,79,57,chair,2
9.104200,-1.938100,52.472698,119,75,58,chair,2
9.109800,-1.953000,52.471600,125,79,47,chair,2
9.111600,-1.961000,52.471001,128,84,57,chair,2
9.115500,-1.978600,52.471401,128,85,57,chair,2
9.119100,-1.991200,52.470299,127,81,59,chair,2
8.691300,-1.299800,52.424198,121,102,91,chair,2
9.056600,-1.422600,52.438801,106,70,54,chair,2
9.062200,-1.440600,52.440498,105,67,54,chair,2
9.064300,-1.446600,52.440498,108,59,48,chair,2
9.062400,-1.465600,52.441700,109,68,55,chair,2
9.060700,-1.481400,52.443199,108,56,45,chair,2
9.058100,-1.500000,52.443501,113,72,58,chair,2
9.053600,-1.504300,52.447300,74,51,62,chair,2
9.050800,-1.521700,52.452599,89,66,62,chair,2
9.046600,-1.531600,52.453899,94,67,64,chair,2
9.047700,-1.546700,52.443100,102,60,55,chair,2
9.041700,-1.559800,52.452801,104,69,66,chair,2
9.010200,-1.579100,52.437801,114,76,69,chair,2
9.028600,-1.589700,52.441601,216,183,155,chair,2
9.021200,-1.613000,52.448601,184,144,106,chair,2
9.019000,-1.615400,52.447399,184,146,103,chair,2
9.015200,-1.642400,52.447601,201,168,135,chair,2
9.016300,-1.646700,52.449001,197,166,122,chair,2
9.015700,-1.658600,52.451199,231,193,161,chair,2
9.051000,-1.701500,52.456200,97,65,59,chair,2
9.062600,-1.721600,52.455101,125,64,25,chair,2
9.051700,-1.722100,52.447201,145,83,70,chair,2
9.039500,-1.742400,52.449100,104,60,59,chair,2
9.046200,-1.764100,52.449501,109,61,59,chair,2
9.045300,-1.774000,52.445000,122,73,66,chair,2
9.049900,-1.786100,52.444500,125,77,66,chair,2
9.047700,-1.795600,52.443100,123,72,61,chair,2
7.946100,-1.717800,52.356201,112,66,68,chair,2
9.055500,-1.826000,52.457401,115,69,76,chair,2
9.061200,-1.843500,52.451698,119,69,70,chair,2
9.067000,-1.865800,52.446800,121,71,64,chair,2
7.769900,-1.814100,52.359901,86,51,50,chair,2
9.067900,-1.894600,52.452099,84,58,56,chair,2
7.768100,-1.838100,52.360298,104,56,51,chair,2
7.761500,-1.873600,52.360298,107,55,53,chair,2
9.083800,-1.930200,52.447300,155,136,116,chair,2
9.078900,-1.947500,52.449600,148,83,58,chair,2
9.081100,-1.958300,52.458302,150,82,62,chair,2
9.050100,-1.966500,52.445801,143,85,63,chair,2
9.007200,-1.993700,52.447102,145,90,72,chair,2
9.079900,-1.395900,52.425201,106,57,45,chair,2
9.077900,-1.406400,52.427799,104,53,52,chair,2
9.076800,-1.419300,52.426800,109,56,45,chair,2
9.075700,-1.432300,52.427399,109,70,55,chair,2
9.071800,-1.445700,52.431499,111,70,58,chair,2
9.065700,-1.472900,52.434200,110,61,45,chair,2
9.062900,-1.482000,52.438000,105,57,45,chair,2
9.061400,-1.496600,52.426201,172,141,106,chair,2
9.055700,-1.512100,52.431599,158,131,86,chair,2
9.049300,-1.515000,52.432800,109,53,19,chair,2
9.045200,-1.536500,52.431198,210,175,144,chair,2
9.045500,-1.551200,52.428398,198,169,136,chair,2
9.044400,-1.562000,52.432999,193,158,126,chair,2
9.037600,-1.572200,52.437599,129,84,55,chair,2
9.027300,-1.587600,52.438801,101,42,21,chair,2
8.733200,-1.562500,52.399399,71,44,49,chair,2
8.731600,-1.579300,52.398399,63,40,46,chair,2
8.740800,-1.584800,52.404598,68,43,49,chair,2
8.733800,-1.611300,52.401699,89,46,55,chair,2
8.021500,-1.546500,52.336300,93,79,85,chair,2
9.036100,-1.695600,52.438599,135,100,79,chair,2
9.054200,-1.716100,52.439701,125,73,31,chair,2
9.054400,-1.721800,52.440701,131,74,58,chair,2
8.966900,-1.726900,52.425701,133,63,51,chair,2
8.981100,-1.751300,52.422901,187,123,95,chair,2
8.994100,-1.765600,52.424000,124,76,68,chair,2
8.461900,-1.727300,52.381001,104,82,74,chair,2
9.053000,-1.807000,52.441299,121,74,59,chair,2
9.056600,-1.818900,52.440899,123,78,62,chair,2
9.059900,-1.830600,52.438599,125,75,64,chair,2
9.065400,-1.847500,52.437000,130,81,59,chair,2
9.067700,-1.863800,52.434601,126,86,67,chair,2
9.069400,-1.878200,52.433399,115,64,56,chair,2
9.072200,-1.895100,52.433899,111,61,61,chair,2
9.073900,-1.905800,52.432800,110,65,56,chair,2
9.069800,-1.916800,52.431900,102,57,59,chair,2
9.072800,-1.937500,52.433201,101,55,48,chair,2
9.074700,-1.948800,52.432701,99,50,51,chair,2
9.054800,-1.957200,52.440701,143,84,57,chair,2
7.704200,-1.962500,52.332100,147,98,75,chair,2
7.712600,-1.973100,52.334202,150,107,87,chair,2
9.093700,-1.323800,52.412800,93,67,57,chair,2
9.093700,-1.342000,52.412300,97,56,54,chair,2
9.088500,-1.357000,52.417599,99,46,50,chair,2
9.087800,-1.367900,52.417999,103,69,57,chair,2
9.083000,-1.380300,52.422699,106,53,52,chair,2
9.085300,-1.389300,52.417702,108,64,55,chair,2
9.081000,-1.415800,52.411598,124,96,77,chair,2
9.079100,-1.422700,52.410999,120,87,69,chair,2
9.075200,-1.443200,52.416302,136,112,82,chair,2
9.073100,-1.450100,52.415501,145,119,88,chair,2
9.068900,-1.470600,52.418598,157,135,104,chair,2
9.065800,-1.484100,52.422699,172,155,127,chair,2
9.063600,-1.492100,52.422100,192,168,148,chair,2
9.057300,-1.509800,52.424801,155,117,85,chair,2
9.041200,-1.514000,52.423698,103,58,55,chair,2
9.037100,-1.541200,52.422100,99,59,52,chair,2
9.038000,-1.546300,52.422699,120,70,54,chair,2
9.035300,-1.559700,52.423901,124,71,53,chair,2
8.729200,-1.531800,52.390999,70,42,53,chair,2
8.737200,-1.547500,52.389099,84,43,54,chair,2
8.736700,-1.562700,52.395302,75,43,52,chair,2
8.735700,-1.571200,52.393799,71,44,54,chair,2
8.736200,-1.592500,52.385700,110,80,70,chair,2
8.735200,-1.612400,52.387699,122,90,75,chair,2
8.739400,-1.628900,52.392601,129,101,91,chair,2
8.743100,-1.645500,52.385502,125,99,80,chair,2
8.750800,-1.662800,52.394699,137,108,91,chair,2
9.042100,-1.714500,52.418800,127,74,40,chair,2
9.040300,-1.720400,52.419800,121,73,60,chair,2
8.990600,-1.743200,52.420898,102,60,58,chair,2
9.001700,-1.758400,52.411301,89,45,43,chair,2
9.003300,-1.769600,52.411301,88,47,49,chair,2
9.000600,-1.782500,52.416500,93,52,45,chair,2
8.053900,-1.709600,52.340000,62,40,48,chair,2
9.003400,-1.812800,52.412701,117,64,67,chair,2
9.013600,-1.829900,52.411201,122,69,66,chair,2
9.012800,-1.838500,52.411201,95,48,48,chair,2
9.004800,-1.852100,52.416000,197,127,95,chair,2
9.077100,-1.921500,52.430302,114,64,58,chair,2
9.080700,-1.935100,52.429401,116,63,58,chair,2
9.083400,-1.952100,52.428501,113,62,54,chair,2
9.086500,-1.965300,52.425701,106,56,46,chair,2
9.088600,-1.971300,52.426899,110,57,49,chair,2
9.093400,-1.994500,52.423100,110,54,47,chair,2
9.097600,-1.331700,52.398201,165,139,113,chair,2
9.093100,-1.352000,52.399799,163,141,103,chair,2
9.090000,-1.368700,52.403099,156,127,100,chair,2
9.087200,-1.379400,52.403900,142,115,94,chair,2
9.084100,-1.398900,52.407299,126,98,77,chair,2
9.080800,-1.415300,52.410301,125,98,83,chair,2
9.079700,-1.417600,52.409599,122,91,76,chair,2
9.075000,-1.435900,52.410301,137,101,84,chair,2
9.070100,-1.446100,52.409599,119,61,42,chair,2
9.062400,-1.465100,52.409500,122,72,51,chair,2
9.058500,-1.471700,52.409302,129,76,57,chair,2
9.043400,-1.491600,52.408798,118,74,60,chair,2
8.927900,-1.475600,52.397800,98,56,57,chair,2
8.898800,-1.483400,52.394001,75,46,43,chair,2
8.789200,-1.478500,52.382500,83,50,55,chair,2
8.731200,-1.497000,52.367100,93,65,65,chair,2
8.732700,-1.507200,52.372299,93,68,57,chair,2
8.728100,-1.531100,52.372101,87,63,59,chair,2
8.731700,-1.548700,52.367298,85,52,50,chair,2
8.740100,-1.565600,52.378101,102,85,74,chair,2
8.737400,-1.575800,52.380699,122,103,83,chair,2
8.733900,-1.584100,52.380299,100,67,56,chair,2
8.033700,-1.506700,52.296799,128,95,80,chair,2
8.033600,-1.533300,52.312901,80,58,71,chair,2
8.035100,-1.546900,52.312901,102,73,86,chair,2
8.737800,-1.658500,52.383301,80,56,49,chair,2
9.023600,-1.708400,52.408901,119,69,57,chair,2
9.032300,-1.722200,52.411598,133,80,59,chair,2
8.989200,-1.740200,52.400501,102,52,54,chair,2
9.001600,-1.758400,52.408699,93,53,46,chair,2
9.001900,-1.770100,52.395599,124,59,51,chair,2
9.005400,-1.785400,52.400101,124,64,56,chair,2
9.006300,-1.802300,52.395302,117,57,52,chair,2
9.016900,-1.813400,52.407600,116,68,55,chair,2
9.021500,-1.829800,52.404598,121,71,52,chair,2
9.018400,-1.843000,52.410999,131,76,65,chair,2
9.025000,-1.859600,52.402500,106,80,73,chair,2
9.029100,-1.875800,52.400799,109,81,73,chair,2
9.031000,-1.887200,52.399300,112,85,79,chair,2
9.028800,-1.894100,52.398998,100,78,84,chair,2
9.035100,-1.926500,52.409000,107,83,82,chair,2
9.083400,-1.347800,52.393501,126,68,59,chair,2
8.880500,-1.300500,52.371899,103,80,82,chair,2
8.819000,-1.300200,52.353901,97,76,69,chair,2
8.756400,-1.299200,52.346298,85,66,73,chair,2
8.687400,-1.311300,52.355000,104,73,65,chair,2
8.700800,-1.332700,52.344501,75,53,59,chair,2
8.702600,-1.351200,52.343300,76,52,64,chair,2
8.708300,-1.373200,52.347000,89,64,71,chair,2
8.710800,-1.386400,52.348000,87,65,68,chair,2
8.713100,-1.407100,52.348801,89,66,63,chair,2
8.717200,-1.421000,52.352100,88,71,66,chair,2
8.720500,-1.440000,52.354500,104,79,71,chair,2
8.770000,-1.466400,52.364899,80,51,55,chair,2
8.770800,-1.476400,52.366901,87,57,61,chair,2
8.725100,-1.496400,52.360401,72,43,43,chair,2
8.730400,-1.503000,52.363098,94,64,61,chair,2
8.719700,-1.514600,52.362301,91,56,49,chair,2
8.056700,-1.431400,52.288601,119,96,75,chair,2
8.723000,-1.555000,52.362202,106,69,60,chair,2
8.046800,-1.470600,52.285198,86,60,73,chair,2
8.046700,-1.476200,52.287601,133,103,97,chair,2
9.009400,-1.711000,52.394402,116,65,58,chair,2
9.013000,-1.721800,52.394600,124,69,54,chair,2
8.869100,-1.721300,52.380299,126,84,62,chair,2
8.993400,-1.759000,52.392899,126,76,59,chair,2
8.999000,-1.772400,52.394199,112,55,52,chair,2
9.003500,-1.782800,52.394299,126,61,47,chair,2
9.004200,-1.802500,52.393101,118,61,55,chair,2
9.008000,-1.816200,52.389099,117,59,65,chair,2
9.016900,-1.831200,52.388199,140,77,57,chair,2
9.021100,-1.845800,52.386299,122,61,57,chair,2
9.024000,-1.863400,52.382999,111,70,61,chair,2
9.011900,-1.872000,52.381500,129,86,73,chair,2
9.031700,-1.892500,52.395599,95,48,56,chair,2
9.032800,-1.907800,52.396500,99,76,77,chair,2
9.034500,-1.917900,52.391998,121,80,65,chair,2
9.033600,-1.924600,52.395500,101,47,48,chair,2
9.036700,-1.942200,52.393101,105,75,76,chair,2
8.780700,-1.763500,52.355598,92,50,46,chair,2
8.785000,-1.777100,52.356499,84,43,45,chair,2
8.786500,-1.801300,52.353298,94,47,48,chair,2
8.785700,-1.803300,52.352001,96,50,46,chair,2
8.795500,-1.834500,52.357899,110,66,57,chair,2
9.017400,-1.856800,52.381302,120,65,57,chair,2
9.023900,-1.867100,52.382500,114,65,53,chair,2
9.025200,-1.892100,52.379799,115,61,50,chair,2
9.031600,-1.905700,52.380699,111,55,51,chair,2
9.033200,-1.912800,52.379700,108,53,48,chair,2
9.038300,-1.935000,52.378601,101,48,49,chair,2
9.044100,-1.947700,52.381100,97,50,50,chair,2
9.043000,-1.965600,52.375301,115,60,48,chair,2
9.045700,-1.970900,52.375099,111,57,52,chair,2
9.050700,-1.993900,52.373001,107,56,49,chair,2
8.782100,-1.817900,52.338600,117,66,57,chair,2
8.784300,-1.832400,52.339001,119,88,77,chair,2
8.794100,-1.898500,52.341900,137,102,79,chair,2
9.017500,-1.935200,52.367500,117,63,58,chair,2
9.022900,-1.948900,52.367699,118,64,44,chair,2
9.019900,-1.954800,52.367199,165,96,57,chair,2
8.965600,-1.965300,52.361198,203,115,70,chair,2
8.860300,-1.979600,52.338902,95,63,54,chair,2
7.751100,-1.376300,51.005901,87,49,58,chair,3
7.785700,-1.392900,51.020100,53,29,34,chair,3
7.791700,-1.414600,51.025398,92,54,55,chair,3
7.793200,-1.441300,51.030102,77,42,40,chair,3
7.797400,-1.463200,51.030602,94,50,45,chair,3
7.792700,-1.499700,51.032101,100,58,50,chair,3
7.800300,-1.519800,51.035099,128,47,44,chair,3
7.784800,-1.536700,51.033401,119,58,54,chair,3
7.785100,-1.550200,51.032902,90,45,51,chair,3
7.795700,-1.575700,51.036999,119,46,50,chair,3
7.774000,-1.591200,51.027599,116,40,38,chair,3
7.832400,-1.353800,51.011002,75,47,50,chair,3
7.835500,-1.382600,51.016399,105,54,49,chair,3
7.834100,-1.414600,51.022400,97,56,42,chair,3
7.832600,-1.437200,51.022099,125,70,47,chair,3
7.843800,-1.444500,51.023201,138,48,38,chair,3
7.831400,-1.480400,51.025200,71,43,46,chair,3
7.843000,-1.492400,51.026402,129,51,47,chair,3
7.839500,-1.513300,51.028000,135,46,44,chair,3
7.827500,-1.533500,51.029301,127,44,37,chair,3
7.834400,-1.562600,51.028702,121,44,43,chair,3
7.828600,-1.582600,51.025902,95,37,45,chair,3
7.820200,-1.600300,51.025101,152,72,54,chair,3
7.741000,-1.632100,51.014198,47,57,57,chair,3
7.859200,-1.324400,50.997002,85,39,39,chair,3
7.858200,-1.350700,50.999199,94,59,59,chair,3
7.862200,-1.361900,51.002499,57,37,40,chair,3
7.875700,-1.391100,51.007500,125,49,42,chair,3
7.876500,-1.413900,51.008598,127,41,47,chair,3
7.873400,-1.440100,51.011299,144,68,46,chair,3
7.873100,-1.460600,51.011398,148,68,49,chair,3
7.867800,-1.488400,51.014801,138,41,23,chair,3
7.872500,-1.506800,51.016201,161,87,68,chair,3
7.868600,-1.517400,51.015999,145,56,51,chair,3
7.867200,-1.540800,51.012901,125,40,36,chair,3
7.868600,-1.579100,51.016300,133,51,44,chair,3
7.867800,-1.579500,51.015800,128,50,45,chair,3
7.850500,-1.604300,51.009399,145,55,53,chair,3
7.722200,-1.625100,50.973900,58,54,47,chair,3
7.720800,-1.633400,50.976601,58,56,50,chair,3
7.720300,-1.672700,50.971600,50,53,48,chair,3
7.890300,-1.334500,50.989799,112,50,52,chair,3
7.901900,-1.361100,50.990799,123,56,47,chair,3
7.892900,-1.380700,50.998100,114,78,61,chair,3
7.904000,-1.393300,50.993099,143,70,53,chair,3
7.901600,-1.419700,50.996101,148,57,46,chair,3
7.895800,-1.443800,50.998798,141,58,49,chair,3
7.897900,-1.466100,50.996601,141,55,49,chair,3
7.895200,-1.490300,50.997501,134,50,44,chair,3
7.892000,-1.515700,51.000000,144,43,38,chair,3
7.892800,-1.537600,50.997898,133,44,43,chair,3
7.887900,-1.559400,51.003399,125,52,43,chair,3
7.893700,-1.575500,51.004101,131,56,38,chair,3
7.890300,-1.582200,51.002201,119,36,43,chair,3
7.876100,-1.602800,51.003899,200,119,91,chair,3
7.810100,-1.622300,50.968700,145,30,60,chair,3
7.692900,-1.628000,50.934299,44,42,47,chair,3
7.918000,-1.329100,50.967400,115,40,38,chair,3
7.923700,-1.357700,50.974602,123,43,42,chair,3
7.920500,-1.387100,50.980701,145,66,52,chair,3
7.921300,-1.390000,50.979099,152,71,54,chair,3
7.924600,-1.417100,50.978600,151,72,56,chair,3
7.921300,-1.443500,50.978901,135,55,50,chair,3
7.918600,-1.465200,50.982300,133,48,43,chair,3
7.917800,-1.486300,50.981400,150,64,45,chair,3
7.911200,-1.518800,50.984501,133,48,42,chair,3
7.908200,-1.539900,50.985401,134,45,36,chair,3
7.911000,-1.559600,50.983700,148,52,39,chair,3
7.912100,-1.582800,50.992199,133,50,37,chair,3
7.914800,-1.585200,50.986801,150,58,40,chair,3
7.903300,-1.606500,50.981201,161,64,41,chair,3
7.853700,-1.622600,50.974400,123,32,73,chair,3
7.785800,-1.641000,50.926399,72,70,46,chair,3
7.936900,-1.331000,50.950100,138,76,59,chair,3
7.944500,-1.362800,50.956699,128,55,39,chair,3
7.930200,-1.388800,50.971901,130,55,46,chair,3
7.939800,-1.412900,50.962799,101,47,40,chair,3
7.941600,-1.421800,50.963200,138,56,38,chair,3
7.940500,-1.446700,50.963402,149,66,48,chair,3
7.940600,-1.468100,50.962502,145,59,44,chair,3
7.935900,-1.492600,50.963799,138,51,40,chair,3
7.934300,-1.519000,50.963501,151,52,43,chair,3
7.931400,-1.540300,50.963699,128,45,37,chair,3
7.929400,-1.563500,50.966000,160,55,37,chair,3
7.933200,-1.579900,50.967499,142,45,33,chair,3
7.931700,-1.589900,50.967602,118,34,35,chair,3
7.912100,-1.607200,50.971699,165,91,68,chair,3
7.865100,-1.623400,50.954800,75,33,57,chair,3
7.778600,-1.641200,50.920300,64,54,51,chair,3
7.955500,-1.346200,50.933899,132,57,44,chair,3
7.956900,-1.370500,50.938000,142,58,45,chair,3
7.958700,-1.391300,50.942299,145,68,45,chair,3
7.958200,-1.398900,50.939301,144,52,37,chair,3
7.957700,-1.420600,50.940899,166,75,59,chair,3
7.949400,-1.445900,50.950901,156,70,49,chair,3
7.955600,-1.470000,50.943802,152,64,44,chair,3
7.952500,-1.491000,50.945400,131,56,43,chair,3
7.953200,-1.506400,50.945999,120,44,44,chair,3
7.948100,-1.526600,50.948200,145,63,38,chair,3
7.947800,-1.548300,50.947300,182,101,75,chair,3
7.948100,-1.587300,50.950600,144,50,38,chair,3
7.946200,-1.588800,50.951099,158,59,36,chair,3
7.932500,-1.609500,50.946301,163,71,49,chair,3
7.821800,-1.629100,50.913799,9,23,34,chair,3
7.804400,-1.639900,50.905499,29,42,52,chair,3
7.962600,-1.345100,50.923500,113,34,22,chair,3
7.967300,-1.369600,50.925598,134,62,54,chair,3
7.970500,-1.394300,50.922798,120,66,61,chair,3
7.962100,-1.414300,50.937199,123,49,29,chair,3
7.969800,-1.425800,50.930801,153,98,74,chair,3
7.966900,-1.451200,50.928902,147,69,45,chair,3
7.968200,-1.474400,50.924599,151,72,59,chair,3
7.963500,-1.497500,50.930099,143,58,45,chair,3
7.966900,-1.509400,50.931198,141,69,51,chair,3
7.959800,-1.546300,50.929901,156,72,55,chair,3
7.956900,-1.566900,50.932999,168,75,53,chair,3
7.955200,-1.588500,50.941799,113,38,40,chair,3
7.960100,-1.592200,50.930099,142,53,39,chair,3
7.941400,-1.610200,50.938301,193,117,91,chair,3
7.829600,-1.632500,50.868900,17,15,32,chair,3
7.892800,-1.658300,50.902199,188,67,85,chair,3
7.966300,-1.343400,50.909100,95,33,20,chair,3
7.973100,-1.364500,50.911900,115,54,38,chair,3
7.972500,-1.395700,50.917999,70,28,26,chair,3
7.972200,-1.401700,50.918499,159,89,59,chair,3
7.974000,-1.423900,50.919601,55,15,14,chair,3
7.971000,-1.449300,50.921101,113,67,52,chair,3
7.969900,-1.475200,50.921700,153,91,70,chair,3
7.970100,-1.494800,50.918400,126,56,53,chair,3
7.967200,-1.525400,50.925400,124,52,51,chair,3
7.970700,-1.532700,50.914600,151,80,65,chair,3
7.966700,-1.567300,50.915298,87,37,38,chair,3
7.973000,-1.588600,50.909000,123,43,44,chair,3
7.961800,-1.592900,50.926201,120,42,38,chair,3
7.960100,-1.614700,50.902699,160,102,85,chair,3
7.924100,-1.643000,50.886398,58,74,66,chair,3
7.974700,-1.347300,50.878601,140,76,63,chair,3
7.978000,-1.372500,50.888901,145,68,48,chair,3
7.984300,-1.399700,50.879501,110,50,41,chair,3
7.979500,-1.419700,50.893700,101,36,37,chair,3
7.979200,-1.421000,50.896599,120,46,44,chair,3
7.978300,-1.446700,50.898701,98,28,30,chair,3
7.976200,-1.472700,50.898201,136,58,47,chair,3
7.975700,-1.492900,50.898800,146,77,47,chair,3
7.974800,-1.510800,50.901299,111,40,42,chair,3
7.974200,-1.532800,50.902302,159,84,70,chair,3
7.972300,-1.570200,50.904900,134,67,55,chair,3
7.974800,-1.588000,50.902599,115,45,50,chair,3
7.978500,-1.593000,50.885601,158,74,66,chair,3
7.966000,-1.612700,50.896000,161,94,73,chair,3
7.932800,-1.639300,50.881599,53,64,64,chair,3
7.980200,-1.351900,50.859501,159,103,87,chair,3
7.986000,-1.376000,50.856701,120,59,56,chair,3
7.987900,-1.400200,50.864899,153,73,60,chair,3
7.986100,-1.401400,50.869701,154,68,57,chair,3
7.987600,-1.429800,50.872501,146,72,50,chair,3
7.985200,-1.451700,50.875401,106,52,49,chair,3
7.983500,-1.476800,50.875401,139,76,61,chair,3
7.981600,-1.497800,50.874401,146,63,52,chair,3
7.980600,-1.515400,50.875401,167,98,74,chair,3
7.978600,-1.531300,50.876900,179,128,123,chair,3
7.979000,-1.570100,50.874500,155,104,96,chair,3
7.984200,-1.586100,50.873001,137,64,50,chair,3
7.979800,-1.592900,50.880199,126,25,14,chair,3
7.965700,-1.613000,50.870800,153,49,40,chair,3
7.981800,-1.346200,50.831600,139,75,65,chair,3
7.990900,-1.370600,50.839298,144,88,82,chair,3
7.995400,-1.401700,50.842999,151,97,84,chair,3
7.994400,-1.405700,50.846298,150,89,76,chair,3
7.992300,-1.424100,50.849602,135,78,69,chair,3
7.992700,-1.448400,50.848801,115,36,32,chair,3
7.989600,-1.470600,50.852600,159,60,50,chair,3
7.989400,-1.493200,50.845699,141,67,53,chair,3
7.987900,-1.527600,50.847698,137,64,54,chair,3
7.986200,-1.531700,50.853001,147,75,62,chair,3
7.984300,-1.570300,50.851501,155,82,68,chair,3
7.988100,-1.587100,50.860001,84,34,41,chair,3
7.989900,-1.594600,50.840302,164,103,91,chair,3
7.974700,-1.614600,50.853802,129,59,60,chair,3
7.982900,-1.352000,50.803799,181,139,140,chair,3
7.988800,-1.363900,50.814800,171,125,124,chair,3
7.994700,-1.398100,50.821701,146,100,89,chair,3
7.990000,-1.419500,50.817200,158,99,86,chair,3
7.991400,-1.426000,50.816002,146,103,85,chair,3
7.993200,-1.449500,50.824699,73,24,33,chair,3
7.992900,-1.476900,50.826302,149,97,96,chair,3
7.992700,-1.496000,50.825901,71,38,32,chair,3
7.991900,-1.528900,50.829899,159,95,89,chair,3
7.992300,-1.532400,50.831001,155,88,81,chair,3
7.987300,-1.569700,50.830002,198,133,126,chair,3
7.988200,-1.587100,50.831699,176,93,81,chair,3
7.987800,-1.595700,50.823799,118,55,46,chair,3
7.971500,-1.614800,50.821201,161,70,58,chair,3
7.978600,-1.347700,50.780300,143,103,108,chair,3
7.987000,-1.371200,50.787498,136,89,75,chair,3
7.989400,-1.393900,50.790100,48,15,27,chair,3
7.990100,-1.418700,50.793400,64,4,15,chair,3
7.990700,-1.443900,50.795601,94,34,50,chair,3
7.990500,-1.446900,50.796101,107,39,37,chair,3
7.990500,-1.474100,50.794701,190,148,143,chair,3
7.985900,-1.502600,50.798100,112,66,62,chair,3
7.988600,-1.526300,50.798199,115,58,53,chair,3
7.987500,-1.549400,50.801102,148,103,82,chair,3
7.986900,-1.563900,50.803101,66,17,27,chair,3
7.991800,-1.587000,50.806000,80,19,30,chair,3
7.977900,-1.609500,50.798302,118,55,50,chair,3
7.975000,-1.616400,50.800400,82,105,85,chair,3
7.973700,-1.343600,50.747898,145,99,97,chair,3
7.983000,-1.360400,50.755901,153,109,110,chair,3
7.985200,-1.395200,50.760201,109,66,64,chair,3
7.981100,-1.416700,50.754799,109,64,71,chair,3
7.984300,-1.424000,50.763199,110,66,54,chair,3
7.983300,-1.447900,50.764099,151,108,111,chair,3
7.985100,-1.475400,50.766701,184,151,135,chair,3
7.980300,-1.496000,50.763199,165,127,121,chair,3
7.982300,-1.528100,50.770901,71,38,50,chair,3
7.981000,-1.548600,50.770802,82,36,27,chair,3
7.981300,-1.568500,50.772400,133,88,90,chair,3
7.987700,-1.585300,50.775299,149,97,86,chair,3
7.980900,-1.593100,50.772499,104,26,21,chair,3
7.964400,-1.612600,50.766201,224,166,164,chair,3
7.933000,-1.340800,50.697399,141,126,122,chair,3
7.955700,-1.360800,50.713600,58,6,1,chair,3
7.965700,-1.396200,50.721802,167,128,116,chair,3
7.961400,-1.414300,50.721901,175,129,120,chair,3
7.966000,-1.424400,50.723598,199,161,142,chair,3
7.962500,-1.445700,50.722801,193,160,142,chair,3
7.965100,-1.474400,50.726299,185,150,132,chair,3
7.966900,-1.496100,50.731602,68,15,17,chair,3
7.969200,-1.514600,50.735001,44,12,16,chair,3
7.966500,-1.545400,50.732899,43,9,14,chair,3
7.970400,-1.569400,50.738201,213,161,160,chair,3
7.979600,-1.590900,50.745998,164,120,114,chair,3
7.971400,-1.593400,50.739498,157,126,116,chair,3
7.948800,-1.611200,50.729500,201,147,143,chair,3
7.905700,-1.428100,50.664001,149,119,122,chair,3
7.925200,-1.446700,50.676300,181,132,128,chair,3
7.929600,-1.471900,50.681198,139,89,97,chair,3
7.929600,-1.494100,50.682499,128,83,79,chair,3
7.930900,-1.512000,50.684700,123,68,68,chair,3
7.942900,-1.529400,50.693298,138,93,95,chair,3
7.943500,-1.563600,50.695999,103,48,54,chair,3
7.959100,-1.584000,50.706001,199,146,143,chair,3
7.956200,-1.590800,50.705200,163,117,118,chair,3
7.926400,-1.610000,50.687401,93,37,44,chair,3
